Year,Origin,FlightDate,mean_arrdelay
2004,MCO,2004-01-01,0.5430711610486891
2004,MCO,2004-01-02,8.222614840989399
2004,MCO,2004-01-03,11.395104895104895
2004,MCO,2004-01-04,22.40277777777778
2004,MCO,2004-01-05,19.704626334519574
2004,MCO,2004-01-06,8.353159851301115
2004,MCO,2004-01-07,7.52851711026616
2004,MCO,2004-01-08,0.23529411764705882
2004,MCO,2004-01-09,-1.3745454545454545
2004,MCO,2004-01-10,1.108695652173913
2004,MCO,2004-01-11,3.9068100358422937
2004,MCO,2004-01-12,-1.1301115241635689
2004,MCO,2004-01-13,-0.8022813688212928
2004,MCO,2004-01-14,6.0038167938931295
2004,MCO,2004-01-15,11.313653136531366
2004,MCO,2004-01-16,8.4043321299639
2004,MCO,2004-01-17,0.17454545454545456
2004,MCO,2004-01-18,9.652173913043478
2004,MCO,2004-01-19,1.6007326007326008
2004,MCO,2004-01-20,0.10902255639097744
2004,MCO,2004-01-21,0.4393939393939394
2004,MCO,2004-01-22,8.04029304029304
2004,MCO,2004-01-23,5.358695652173913
2004,MCO,2004-01-24,3.34982332155477
2004,MCO,2004-01-25,4.243542435424354
2004,MCO,2004-01-26,15.374517374517374
2004,MCO,2004-01-27,10.311023622047244
2004,MCO,2004-01-28,3.0115384615384615
2004,MCO,2004-01-29,5.866666666666666
2004,MCO,2004-01-30,1.286231884057971
2004,MCO,2004-01-31,2.6284722222222223
2004,MCO,2004-02-01,3.8315412186379927
2004,MCO,2004-02-02,5.072992700729927
2004,MCO,2004-02-03,1.262962962962963
2004,MCO,2004-02-04,-2.5404411764705883
2004,MCO,2004-02-05,8.169675090252708
2004,MCO,2004-02-06,16.345323741007196
2004,MCO,2004-02-07,2.726643598615917
2004,MCO,2004-02-08,1.197879858657244
2004,MCO,2004-02-09,-0.6123188405797102
2004,MCO,2004-02-10,3.112727272727273
2004,MCO,2004-02-11,0.06545454545454546
2004,MCO,2004-02-12,6.996503496503497
2004,MCO,2004-02-13,1.5275862068965518
2004,MCO,2004-02-14,6.839869281045751
2004,MCO,2004-02-15,3.006872852233677
2004,MCO,2004-02-16,-1.1145833333333333
2004,MCO,2004-02-17,1.56993006993007
2004,MCO,2004-02-18,8.29965156794425
2004,MCO,2004-02-19,2.2318339100346023
2004,MCO,2004-02-20,2.0378006872852232
2004,MCO,2004-02-21,3.0751633986928106
2004,MCO,2004-02-22,2.2346938775510203
2004,MCO,2004-02-23,0.2560553633217993
2004,MCO,2004-02-24,38.70070422535211
2004,MCO,2004-02-25,4.471830985915493
2004,MCO,2004-02-26,11.665505226480835
2004,MCO,2004-02-27,7.57439446366782
2004,MCO,2004-02-28,6.286184210526316
2004,MCO,2004-02-29,1.9109589041095891
2004,MCO,2004-03-01,-1.0588235294117647
2004,MCO,2004-03-02,-5.580985915492958
2004,MCO,2004-03-03,-2.2090592334494774
2004,MCO,2004-03-04,2.7335640138408306
2004,MCO,2004-03-05,8.203508771929824
2004,MCO,2004-03-06,6.5704918032786885
2004,MCO,2004-03-07,1.6554054054054055
2004,MCO,2004-03-08,5.044827586206897
2004,MCO,2004-03-09,-1.5644599303135889
2004,MCO,2004-03-10,2.8402777777777777
2004,MCO,2004-03-11,2.5432525951557095
2004,MCO,2004-03-12,4.518900343642612
2004,MCO,2004-03-13,1.9320388349514563
2004,MCO,2004-03-14,-2.1778523489932886
2004,MCO,2004-03-15,-1.969283276450512
2004,MCO,2004-03-16,16.446428571428573
2004,MCO,2004-03-17,6.247422680412371
2004,MCO,2004-03-18,6.822525597269625
2004,MCO,2004-03-19,6.0067796610169495
2004,MCO,2004-03-20,7.831715210355987
2004,MCO,2004-03-21,3.251677852348993
2004,MCO,2004-03-22,3.013651877133106
2004,MCO,2004-03-23,4.29553264604811
2004,MCO,2004-03-24,0.4329896907216495
2004,MCO,2004-03-25,4.319727891156463
2004,MCO,2004-03-26,2.1598639455782314
2004,MCO,2004-03-27,1.6168831168831168
2004,MCO,2004-03-28,3.7859531772575252
2004,MCO,2004-03-29,1.9283276450511946
2004,MCO,2004-03-30,-0.1903114186851211
2004,MCO,2004-03-31,2.6979166666666665
2004,MCO,2004-04-01,22.088737201365188
2004,MCO,2004-04-02,3.4
2004,MCO,2004-04-03,3.739549839228296
2004,MCO,2004-04-04,9.029900332225914
2004,MCO,2004-04-05,4.488054607508532
2004,MCO,2004-04-06,-1.2482758620689656
2004,MCO,2004-04-07,-2.6335616438356166
2004,MCO,2004-04-08,15.932203389830509
2004,MCO,2004-04-09,0.898989898989899
2004,MCO,2004-04-10,0.8810289389067524
2004,MCO,2004-04-11,9.434640522875817
2004,MCO,2004-04-12,14.31186440677966
2004,MCO,2004-04-13,17.448630136986303
2004,MCO,2004-04-14,11.597269624573379
2004,MCO,2004-04-15,5.4353741496598635
2004,MCO,2004-04-16,4.488135593220339
2004,MCO,2004-04-17,4.346153846153846
2004,MCO,2004-04-18,4.14935064935065
2004,MCO,2004-04-19,2.686868686868687
2004,MCO,2004-04-20,-0.4349315068493151
2004,MCO,2004-04-21,-1.1746575342465753
2004,MCO,2004-04-22,-2.1389830508474574
2004,MCO,2004-04-23,1.1254237288135593
2004,MCO,2004-04-24,-0.6193548387096774
2004,MCO,2004-04-25,2.4918032786885247
2004,MCO,2004-04-26,2.216949152542373
2004,MCO,2004-04-27,-1.3116438356164384
2004,MCO,2004-04-28,-1.1638225255972696
2004,MCO,2004-04-29,1.3006756756756757
2004,MCO,2004-04-30,10.549152542372882
2004,MCO,2004-05-01,7.509740259740259
2004,MCO,2004-05-02,13.474226804123711
2004,MCO,2004-05-03,13.257839721254355
2004,MCO,2004-05-04,-0.8534798534798534
2004,MCO,2004-05-05,0.3602941176470588
2004,MCO,2004-05-06,0.8794326241134752
2004,MCO,2004-05-07,7.612676056338028
2004,MCO,2004-05-08,-2.3501683501683504
2004,MCO,2004-05-09,-0.22837370242214533
2004,MCO,2004-05-10,2.8586572438162543
2004,MCO,2004-05-11,-0.5890909090909091
2004,MCO,2004-05-12,13.934782608695652
2004,MCO,2004-05-13,11.063604240282686
2004,MCO,2004-05-14,15.20138888888889
2004,MCO,2004-05-15,-0.18120805369127516
2004,MCO,2004-05-16,-1.793103448275862
2004,MCO,2004-05-17,19.444839857651246
2004,MCO,2004-05-18,11.301818181818183
2004,MCO,2004-05-19,2.718978102189781
2004,MCO,2004-05-20,1.1006944444444444
2004,MCO,2004-05-21,15.909407665505226
2004,MCO,2004-05-22,2.8803986710963456
2004,MCO,2004-05-23,3.845360824742268
2004,MCO,2004-05-24,3.8028169014084505
2004,MCO,2004-05-25,2.5253623188405796
2004,MCO,2004-05-26,17.555555555555557
2004,MCO,2004-05-27,6.436619718309859
2004,MCO,2004-05-28,5.179930795847751
2004,MCO,2004-05-29,-0.3010033444816054
2004,MCO,2004-05-30,3.460144927536232
2004,MCO,2004-05-31,14.256140350877192
2004,MCO,2004-06-01,4.982394366197183
2004,MCO,2004-06-02,5.652631578947369
2004,MCO,2004-06-03,2.3910034602076125
2004,MCO,2004-06-04,14.759450171821307
2004,MCO,2004-06-05,4.243333333333333
2004,MCO,2004-06-06,21.38487972508591
2004,MCO,2004-06-07,7.671280276816609
2004,MCO,2004-06-08,3.943859649122807
2004,MCO,2004-06-09,9.528169014084508
2004,MCO,2004-06-10,12.213793103448277
2004,MCO,2004-06-11,11.0578231292517
2004,MCO,2004-06-12,5.532679738562091
2004,MCO,2004-06-13,15.642857142857142
2004,MCO,2004-06-14,30.006872852233677
2004,MCO,2004-06-15,33.76923076923077
2004,MCO,2004-06-16,13.223367697594501
2004,MCO,2004-06-17,28.993031358885016
2004,MCO,2004-06-18,13.180272108843537
2004,MCO,2004-06-19,14.155339805825243
2004,MCO,2004-06-20,17.810169491525425
2004,MCO,2004-06-21,20.670068027210885
2004,MCO,2004-06-22,12.03114186851211
2004,MCO,2004-06-23,5.602739726027397
2004,MCO,2004-06-24,4.230508474576271
2004,MCO,2004-06-25,21.77777777777778
2004,MCO,2004-06-26,7.971153846153846
2004,MCO,2004-06-27,10.45578231292517
2004,MCO,2004-06-28,9.863945578231293
2004,MCO,2004-06-29,13.280276816608996
2004,MCO,2004-06-30,9.108474576271187
2004,MCO,2004-07-01,17.431506849315067
2004,MCO,2004-07-02,27.006849315068493
2004,MCO,2004-07-03,13.15032679738562
2004,MCO,2004-07-04,0.22181818181818183
2004,MCO,2004-07-05,5.677966101694915
2004,MCO,2004-07-06,13.615916955017301
2004,MCO,2004-07-07,18.103448275862068
2004,MCO,2004-07-08,2.9295302013422817
2004,MCO,2004-07-09,7.3120805369127515
2004,MCO,2004-07-10,3.7596153846153846
2004,MCO,2004-07-11,20.506666666666668
2004,MCO,2004-07-12,26.573825503355703
2004,MCO,2004-07-13,8.220689655172414
2004,MCO,2004-07-14,24.781690140845072
2004,MCO,2004-07-15,15.093959731543624
2004,MCO,2004-07-16,16.653198653198654
2004,MCO,2004-07-17,4.278846153846154
2004,MCO,2004-07-18,13.93918918918919
2004,MCO,2004-07-19,5.888888888888889
2004,MCO,2004-07-20,-0.4862068965517241
2004,MCO,2004-07-21,9.58843537414966
2004,MCO,2004-07-22,16.620338983050846
2004,MCO,2004-07-23,19.328859060402685
2004,MCO,2004-07-24,4.627388535031847
2004,MCO,2004-07-25,3.8966666666666665
2004,MCO,2004-07-26,15.73
2004,MCO,2004-07-27,15.662020905923345
2004,MCO,2004-07-28,11.71875
2004,MCO,2004-07-29,7.581081081081081
2004,MCO,2004-07-30,11.37037037037037
2004,MCO,2004-07-31,9.168789808917197
2004,MCO,2004-08-01,49.10437710437711
2004,MCO,2004-08-02,27.210169491525424
2004,MCO,2004-08-03,8.084745762711865
2004,MCO,2004-08-04,14.47098976109215
2004,MCO,2004-08-05,9.864238410596027
2004,MCO,2004-08-06,9.801324503311259
2004,MCO,2004-08-07,12.233226837060704
2004,MCO,2004-08-08,19.8841059602649
2004,MCO,2004-08-09,5.696666666666666
2004,MCO,2004-08-10,5.345762711864407
2004,MCO,2004-08-11,21.737201365187712
2004,MCO,2004-08-12,24.558139534883722
2004,MCO,2004-08-13,8.845771144278608
2004,MCO,2004-08-14,89.90140845070422
2004,MCO,2004-08-15,24.765567765567766
2004,MCO,2004-08-16,16.346666666666668
2004,MCO,2004-08-17,16.391156462585034
2004,MCO,2004-08-18,10.094915254237288
2004,MCO,2004-08-19,9.026936026936028
2004,MCO,2004-08-20,8.568561872909699
2004,MCO,2004-08-21,33.67619047619048
2004,MCO,2004-08-22,11.20401337792642
2004,MCO,2004-08-23,7.240802675585284
2004,MCO,2004-08-24,11.337837837837839
2004,MCO,2004-08-25,5.6506849315068495
2004,MCO,2004-08-26,1.0633333333333332
2004,MCO,2004-08-27,1.859531772575251
2004,MCO,2004-08-28,3.4983922829581995
2004,MCO,2004-08-29,7.238255033557047
2004,MCO,2004-08-30,9.0
2004,MCO,2004-08-31,5.601374570446735
2004,MCO,2004-09-01,-0.6027874564459931
2004,MCO,2004-09-02,24.99322033898305
2004,MCO,2004-09-03,12.541666666666666
2004,MCO,2004-09-06,39.91346153846154
2004,MCO,2004-09-07,7.865724381625442
2004,MCO,2004-09-08,1.9543726235741445
2004,MCO,2004-09-09,1.8834586466165413
2004,MCO,2004-09-10,-4.205882352941177
2004,MCO,2004-09-11,-5.992957746478873
2004,MCO,2004-09-12,-3.938181818181818
2004,MCO,2004-09-13,-7.536764705882353
2004,MCO,2004-09-14,-7.25390625
2004,MCO,2004-09-15,-1.6
2004,MCO,2004-09-16,5.21969696969697
2004,MCO,2004-09-17,4.368613138686132
2004,MCO,2004-09-18,5.3
2004,MCO,2004-09-19,-1.960573476702509
2004,MCO,2004-09-20,0.6956521739130435
2004,MCO,2004-09-21,-4.4393939393939394
2004,MCO,2004-09-22,-1.0823970037453183
2004,MCO,2004-09-23,-5.236363636363636
2004,MCO,2004-09-24,-2.6079136690647484
2004,MCO,2004-09-25,-4.563725490196078
2004,MCO,2004-09-27,22.91566265060241
2004,MCO,2004-09-28,14.577946768060837
2004,MCO,2004-09-29,-4.869402985074627
2004,MCO,2004-09-30,0.19272727272727272
2004,MCO,2004-10-01,1.5673758865248226
2004,MCO,2004-10-02,-1.6450511945392492
2004,MCO,2004-10-03,-0.5137931034482759
2004,MCO,2004-10-04,8.574912891986063
2004,MCO,2004-10-05,-2.629370629370629
2004,MCO,2004-10-06,1.1335616438356164
2004,MCO,2004-10-07,6.02
2004,MCO,2004-10-08,4.553333333333334
2004,MCO,2004-10-09,-3.088235294117647
2004,MCO,2004-10-10,-3.740863787375415
2004,MCO,2004-10-11,-2.48
2004,MCO,2004-10-12,-0.20819112627986347
2004,MCO,2004-10-13,-1.8249158249158248
2004,MCO,2004-10-14,1.924342105263158
2004,MCO,2004-10-15,12.483552631578947
2004,MCO,2004-10-16,1.3159609120521172
2004,MCO,2004-10-17,4.836601307189542
2004,MCO,2004-10-18,6.152317880794702
2004,MCO,2004-10-19,16.973154362416107
2004,MCO,2004-10-20,12.716216216216216
2004,MCO,2004-10-21,8.3125
2004,MCO,2004-10-22,10.536184210526315
2004,MCO,2004-10-23,5.254838709677419
2004,MCO,2004-10-24,3.9218241042345277
2004,MCO,2004-10-25,5.9144736842105265
2004,MCO,2004-10-26,0.48494983277591974
2004,MCO,2004-10-27,2.6722972972972974
2004,MCO,2004-10-28,7.4852459016393444
2004,MCO,2004-10-29,10.62046204620462
2004,MCO,2004-10-30,3.9485530546623795
2004,MCO,2004-10-31,-2.4358974358974357
2004,MCO,2004-11-01,-2.844884488448845
2004,MCO,2004-11-02,-2.6956521739130435
2004,MCO,2004-11-03,-5.390322580645162
2004,MCO,2004-11-04,6.0501567398119125
2004,MCO,2004-11-05,1.9472049689440993
2004,MCO,2004-11-06,-0.4036144578313253
2004,MCO,2004-11-07,3.067278287461774
2004,MCO,2004-11-08,4.160493827160494
2004,MCO,2004-11-09,3.02555910543131
2004,MCO,2004-11-10,0.6112852664576802
2004,MCO,2004-11-11,3.099378881987578
2004,MCO,2004-11-12,8.5
2004,MCO,2004-11-13,7.782738095238095
2004,MCO,2004-11-14,4.296636085626911
2004,MCO,2004-11-15,5.046296296296297
2004,MCO,2004-11-16,0.653968253968254
2004,MCO,2004-11-17,1.0063091482649842
2004,MCO,2004-11-18,1.6884735202492211
2004,MCO,2004-11-19,4.3938461538461535
2004,MCO,2004-11-20,0.8470588235294118
2004,MCO,2004-11-21,-0.43902439024390244
2004,MCO,2004-11-22,11.015625
2004,MCO,2004-11-23,12.006172839506172
2004,MCO,2004-11-24,26.012422360248447
2004,MCO,2004-11-25,-1.3816254416961131
2004,MCO,2004-11-26,-1.3993610223642172
2004,MCO,2004-11-27,5.322485207100592
2004,MCO,2004-11-28,15.651515151515152
2004,MCO,2004-11-29,3.314984709480122
2004,MCO,2004-11-30,3.2149532710280373
2004,MCO,2004-12-01,10.790996784565916
2004,MCO,2004-12-02,-0.1918238993710692
2004,MCO,2004-12-03,2.595611285266458
2004,MCO,2004-12-04,-1.0688622754491017
2004,MCO,2004-12-05,5.043343653250774
2004,MCO,2004-12-06,13.012698412698413
2004,MCO,2004-12-07,9.055016181229773
2004,MCO,2004-12-08,-2.1266233766233764
2004,MCO,2004-12-09,1.8270440251572326
2004,MCO,2004-12-10,25.6
2004,MCO,2004-12-11,1.4036144578313252
2004,MCO,2004-12-12,5.8885448916408665
2004,MCO,2004-12-13,-0.12460063897763578
2004,MCO,2004-12-14,-3.883116883116883
2004,MCO,2004-12-15,-0.49363057324840764
2004,MCO,2004-12-16,1.01840490797546
2004,MCO,2004-12-17,-0.13595166163141995
2004,MCO,2004-12-18,3.6443148688046647
2004,MCO,2004-12-19,10.431137724550899
2004,MCO,2004-12-20,13.697247706422019
2004,MCO,2004-12-21,4.069069069069069
2004,MCO,2004-12-22,17.103658536585368
2004,MCO,2004-12-23,45.85846153846154
2004,MCO,2004-12-24,21.856230031948883
2004,MCO,2004-12-25,15.119266055045872
2004,MCO,2004-12-26,25.23926380368098
2004,MCO,2004-12-27,23.428571428571427
2004,MCO,2004-12-28,11.849397590361447
2004,MCO,2004-12-29,10.2
2004,MCO,2004-12-30,11.630952380952381
2004,MCO,2004-12-31,3.506289308176101
2004,MIA,2004-01-01,-6.285714285714286
2004,MIA,2004-01-02,11.790055248618785
2004,MIA,2004-01-03,13.228426395939087
2004,MIA,2004-01-04,20.10928961748634
2004,MIA,2004-01-05,21.737704918032787
2004,MIA,2004-01-06,10.757062146892656
2004,MIA,2004-01-07,10.960227272727273
2004,MIA,2004-01-08,3.539772727272727
2004,MIA,2004-01-09,8.858757062146893
2004,MIA,2004-01-10,14.253886010362693
2004,MIA,2004-01-11,13.08108108108108
2004,MIA,2004-01-12,7.125
2004,MIA,2004-01-13,7.658959537572255
2004,MIA,2004-01-14,9.626436781609195
2004,MIA,2004-01-15,13.92
2004,MIA,2004-01-16,12.621468926553673
2004,MIA,2004-01-17,7.737967914438503
2004,MIA,2004-01-18,14.570652173913043
2004,MIA,2004-01-19,-2.6045197740112993
2004,MIA,2004-01-20,5.3977272727272725
2004,MIA,2004-01-21,2.3142857142857145
2004,MIA,2004-01-22,11.401129943502825
2004,MIA,2004-01-23,10.870056497175142
2004,MIA,2004-01-24,6.352631578947369
2004,MIA,2004-01-25,10.128491620111731
2004,MIA,2004-01-26,19.283132530120483
2004,MIA,2004-01-27,7.445859872611465
2004,MIA,2004-01-28,5.191860465116279
2004,MIA,2004-01-29,7.022988505747127
2004,MIA,2004-01-30,3.23728813559322
2004,MIA,2004-01-31,2.421875
2004,MIA,2004-02-01,-4.629032258064516
2004,MIA,2004-02-02,8.107344632768362
2004,MIA,2004-02-03,1.3142857142857143
2004,MIA,2004-02-04,-6.186046511627907
2004,MIA,2004-02-05,6.421348314606742
2004,MIA,2004-02-06,14.373563218390805
2004,MIA,2004-02-07,0.45549738219895286
2004,MIA,2004-02-08,5.481081081081081
2004,MIA,2004-02-09,4.836158192090395
2004,MIA,2004-02-10,2.8806818181818183
2004,MIA,2004-02-11,4.174157303370786
2004,MIA,2004-02-12,15.216666666666667
2004,MIA,2004-02-13,5.809782608695652
2004,MIA,2004-02-14,8.040816326530612
2004,MIA,2004-02-15,2.1914893617021276
2004,MIA,2004-02-16,-2.480874316939891
2004,MIA,2004-02-17,-4.584699453551913
2004,MIA,2004-02-18,3.420765027322404
2004,MIA,2004-02-19,-1.7704918032786885
2004,MIA,2004-02-20,1.3989071038251366
2004,MIA,2004-02-21,4.691919191919192
2004,MIA,2004-02-22,0.47668393782383417
2004,MIA,2004-02-23,1.7087912087912087
2004,MIA,2004-02-24,5.236263736263736
2004,MIA,2004-02-25,25.07103825136612
2004,MIA,2004-02-26,-0.994413407821229
2004,MIA,2004-02-27,1.4316939890710383
2004,MIA,2004-02-28,0.9747474747474747
2004,MIA,2004-02-29,0.7368421052631579
2004,MIA,2004-03-01,4.716666666666667
2004,MIA,2004-03-02,-4.50828729281768
2004,MIA,2004-03-03,-4.66120218579235
2004,MIA,2004-03-04,9.412087912087912
2004,MIA,2004-03-05,15.233333333333333
2004,MIA,2004-03-06,-2.202020202020202
2004,MIA,2004-03-07,0.8736842105263158
2004,MIA,2004-03-08,1.4378378378378378
2004,MIA,2004-03-09,-2.272222222222222
2004,MIA,2004-03-10,3.622950819672131
2004,MIA,2004-03-11,-1.7173913043478262
2004,MIA,2004-03-12,-1.6630434782608696
2004,MIA,2004-03-13,-3.96
2004,MIA,2004-03-14,1.5026178010471205
2004,MIA,2004-03-15,-6.114130434782608
2004,MIA,2004-03-16,15.333333333333334
2004,MIA,2004-03-17,3.8011049723756907
2004,MIA,2004-03-18,8.508196721311476
2004,MIA,2004-03-19,-2.302197802197802
2004,MIA,2004-03-20,8.11111111111111
2004,MIA,2004-03-21,-0.2760416666666667
2004,MIA,2004-03-22,-0.14130434782608695
2004,MIA,2004-03-23,-2.4835164835164836
2004,MIA,2004-03-24,0.510989010989011
2004,MIA,2004-03-25,4.081967213114754
2004,MIA,2004-03-26,4.831521739130435
2004,MIA,2004-03-27,0.74
2004,MIA,2004-03-28,5.88421052631579
2004,MIA,2004-03-29,1.2717391304347827
2004,MIA,2004-03-30,-3.0491803278688523
2004,MIA,2004-03-31,5.016393442622951
2004,MIA,2004-04-01,13.048913043478262
2004,MIA,2004-04-02,-1.625
2004,MIA,2004-04-03,0.04975124378109453
2004,MIA,2004-04-04,6.677083333333333
2004,MIA,2004-04-05,0.4198895027624309
2004,MIA,2004-04-06,-1.5363128491620113
2004,MIA,2004-04-07,-5.268156424581005
2004,MIA,2004-04-08,13.0
2004,MIA,2004-04-09,6.142857142857143
2004,MIA,2004-04-10,-1.233502538071066
2004,MIA,2004-04-11,0.031914893617021274
2004,MIA,2004-04-12,24.05
2004,MIA,2004-04-13,37.28729281767956
2004,MIA,2004-04-14,6.47191011235955
2004,MIA,2004-04-15,7.450549450549451
2004,MIA,2004-04-16,1.3846153846153846
2004,MIA,2004-04-17,-0.6122448979591837
2004,MIA,2004-04-18,0.047872340425531915
2004,MIA,2004-04-19,-1.6318681318681318
2004,MIA,2004-04-20,-4.398876404494382
2004,MIA,2004-04-21,-5.702247191011236
2004,MIA,2004-04-22,-8.166666666666666
2004,MIA,2004-04-23,2.3444444444444446
2004,MIA,2004-04-24,-6.607142857142857
2004,MIA,2004-04-25,2.1904761904761907
2004,MIA,2004-04-26,0.712707182320442
2004,MIA,2004-04-27,-2.6079545454545454
2004,MIA,2004-04-28,2.76271186440678
2004,MIA,2004-04-29,-0.56353591160221
2004,MIA,2004-04-30,2.815642458100559
2004,MIA,2004-05-01,7.757894736842105
2004,MIA,2004-05-02,16.483870967741936
2004,MIA,2004-05-03,44.0225988700565
2004,MIA,2004-05-04,-5.813953488372093
2004,MIA,2004-05-05,-2.9886363636363638
2004,MIA,2004-05-06,-3.9887640449438204
2004,MIA,2004-05-07,3.1818181818181817
2004,MIA,2004-05-08,-8.46808510638298
2004,MIA,2004-05-09,-2.795698924731183
2004,MIA,2004-05-10,0.06818181818181818
2004,MIA,2004-05-11,-3.5321637426900585
2004,MIA,2004-05-12,12.502890173410405
2004,MIA,2004-05-13,11.971098265895954
2004,MIA,2004-05-14,14.477272727272727
2004,MIA,2004-05-15,-3.449197860962567
2004,MIA,2004-05-16,-5.32258064516129
2004,MIA,2004-05-17,10.045454545454545
2004,MIA,2004-05-18,14.209302325581396
2004,MIA,2004-05-19,-0.6491228070175439
2004,MIA,2004-05-20,-7.706214689265536
2004,MIA,2004-05-21,6.224137931034483
2004,MIA,2004-05-22,0.7135135135135136
2004,MIA,2004-05-23,5.403225806451613
2004,MIA,2004-05-24,3.853107344632768
2004,MIA,2004-05-25,1.6079545454545454
2004,MIA,2004-05-26,15.774011299435028
2004,MIA,2004-05-27,2.0517241379310347
2004,MIA,2004-05-28,1.8693181818181819
2004,MIA,2004-05-29,-5.318918918918919
2004,MIA,2004-05-30,1.6228571428571428
2004,MIA,2004-05-31,13.942857142857143
2004,MIA,2004-06-01,2.6724137931034484
2004,MIA,2004-06-02,1.8685714285714285
2004,MIA,2004-06-03,-1.8181818181818181
2004,MIA,2004-06-04,10.392045454545455
2004,MIA,2004-06-05,-1.3903743315508021
2004,MIA,2004-06-06,6.385869565217392
2004,MIA,2004-06-07,26.205714285714286
2004,MIA,2004-06-08,5.883720930232558
2004,MIA,2004-06-09,12.690058479532164
2004,MIA,2004-06-10,18.672514619883042
2004,MIA,2004-06-11,3.5689655172413794
2004,MIA,2004-06-12,6.666666666666667
2004,MIA,2004-06-13,16.373626373626372
2004,MIA,2004-06-14,23.804597701149426
2004,MIA,2004-06-15,13.732558139534884
2004,MIA,2004-06-16,13.172619047619047
2004,MIA,2004-06-17,23.076923076923077
2004,MIA,2004-06-18,6.796511627906977
2004,MIA,2004-06-19,27.521505376344088
2004,MIA,2004-06-20,10.027173913043478
2004,MIA,2004-06-21,51.93529411764706
2004,MIA,2004-06-22,14.849397590361447
2004,MIA,2004-06-23,2.853801169590643
2004,MIA,2004-06-24,0.07602339181286549
2004,MIA,2004-06-25,13.80232558139535
2004,MIA,2004-06-26,8.047619047619047
2004,MIA,2004-06-27,11.695652173913043
2004,MIA,2004-06-28,18.05142857142857
2004,MIA,2004-06-29,15.00578034682081
2004,MIA,2004-06-30,15.158823529411764
2004,MIA,2004-07-01,8.583815028901734
2004,MIA,2004-07-02,9.653179190751445
2004,MIA,2004-07-03,10.989247311827956
2004,MIA,2004-07-04,19.017142857142858
2004,MIA,2004-07-05,11.982758620689655
2004,MIA,2004-07-06,10.408045977011493
2004,MIA,2004-07-07,13.232142857142858
2004,MIA,2004-07-08,2.115606936416185
2004,MIA,2004-07-09,5.603448275862069
2004,MIA,2004-07-10,6.62962962962963
2004,MIA,2004-07-11,16.23913043478261
2004,MIA,2004-07-12,26.924418604651162
2004,MIA,2004-07-13,25.0
2004,MIA,2004-07-14,21.288235294117648
2004,MIA,2004-07-15,11.658959537572255
2004,MIA,2004-07-16,38.758620689655174
2004,MIA,2004-07-17,10.542105263157895
2004,MIA,2004-07-18,14.896174863387978
2004,MIA,2004-07-19,19.462857142857143
2004,MIA,2004-07-20,19.216374269005847
2004,MIA,2004-07-21,20.358381502890172
2004,MIA,2004-07-22,13.348837209302326
2004,MIA,2004-07-23,28.45614035087719
2004,MIA,2004-07-24,4.116402116402116
2004,MIA,2004-07-25,12.262295081967213
2004,MIA,2004-07-26,10.54335260115607
2004,MIA,2004-07-27,14.676470588235293
2004,MIA,2004-07-28,13.239520958083832
2004,MIA,2004-07-29,20.33139534883721
2004,MIA,2004-07-30,17.959537572254334
2004,MIA,2004-07-31,23.513227513227513
2004,MIA,2004-08-01,130.20645161290324
2004,MIA,2004-08-02,59.12582781456954
2004,MIA,2004-08-03,27.795321637426902
2004,MIA,2004-08-04,13.843023255813954
2004,MIA,2004-08-05,24.33139534883721
2004,MIA,2004-08-06,8.166666666666666
2004,MIA,2004-08-07,3.365079365079365
2004,MIA,2004-08-08,11.136612021857923
2004,MIA,2004-08-09,1.4080459770114941
2004,MIA,2004-08-10,-1.4855491329479769
2004,MIA,2004-08-11,17.087719298245613
2004,MIA,2004-08-12,20.421965317919074
2004,MIA,2004-08-13,11.109677419354838
2004,MIA,2004-08-14,5.05524861878453
2004,MIA,2004-08-15,4.4
2004,MIA,2004-08-16,8.554913294797688
2004,MIA,2004-08-17,-0.1791907514450867
2004,MIA,2004-08-18,7.686390532544379
2004,MIA,2004-08-19,16.319767441860463
2004,MIA,2004-08-20,8.14367816091954
2004,MIA,2004-08-21,11.25
2004,MIA,2004-08-22,3.2880434782608696
2004,MIA,2004-08-23,4.017241379310345
2004,MIA,2004-08-24,26.94047619047619
2004,MIA,2004-08-25,14.100591715976332
2004,MIA,2004-08-26,3.335294117647059
2004,MIA,2004-08-27,5.448275862068965
2004,MIA,2004-08-28,37.67914438502674
2004,MIA,2004-08-29,11.646408839779005
2004,MIA,2004-08-30,13.74712643678161
2004,MIA,2004-08-31,3.8263473053892216
2004,MIA,2004-09-01,8.203592814371257
2004,MIA,2004-09-02,33.49693251533742
2004,MIA,2004-09-03,13.333333333333334
2004,MIA,2004-09-05,69.66666666666667
2004,MIA,2004-09-06,20.285714285714285
2004,MIA,2004-09-07,15.748502994011975
2004,MIA,2004-09-08,8.765100671140939
2004,MIA,2004-09-09,3.08125
2004,MIA,2004-09-10,0.5766871165644172
2004,MIA,2004-09-11,-5.103448275862069
2004,MIA,2004-09-12,0.04678362573099415
2004,MIA,2004-09-13,-5.65
2004,MIA,2004-09-14,-8.626760563380282
2004,MIA,2004-09-15,4.934306569343065
2004,MIA,2004-09-16,1.4733333333333334
2004,MIA,2004-09-17,7.75796178343949
2004,MIA,2004-09-18,7.531073446327683
2004,MIA,2004-09-19,-5.719298245614035
2004,MIA,2004-09-20,-5.251533742331288
2004,MIA,2004-09-21,-8.282894736842104
2004,MIA,2004-09-22,-2.6442953020134228
2004,MIA,2004-09-23,-5.1257861635220126
2004,MIA,2004-09-24,-5.3580246913580245
2004,MIA,2004-09-25,-0.5760869565217391
2004,MIA,2004-09-26,1.9367088607594938
2004,MIA,2004-09-27,15.159235668789808
2004,MIA,2004-09-28,16.21232876712329
2004,MIA,2004-09-29,-0.22297297297297297
2004,MIA,2004-09-30,-1.475
2004,MIA,2004-10-01,1.9506172839506173
2004,MIA,2004-10-02,2.489130434782609
2004,MIA,2004-10-03,1.3389830508474576
2004,MIA,2004-10-04,8.150602409638553
2004,MIA,2004-10-05,-2.673076923076923
2004,MIA,2004-10-06,2.74025974025974
2004,MIA,2004-10-07,6.164634146341464
2004,MIA,2004-10-08,4.407185628742515
2004,MIA,2004-10-09,-1.9728260869565217
2004,MIA,2004-10-10,-2.595505617977528
2004,MIA,2004-10-11,-1.8571428571428572
2004,MIA,2004-10-12,0.34394904458598724
2004,MIA,2004-10-13,-1.5128205128205128
2004,MIA,2004-10-14,-0.21686746987951808
2004,MIA,2004-10-15,5.089285714285714
2004,MIA,2004-10-16,-2.086021505376344
2004,MIA,2004-10-17,2.221590909090909
2004,MIA,2004-10-18,8.066265060240964
2004,MIA,2004-10-19,19.091503267973856
2004,MIA,2004-10-20,21.954545454545453
2004,MIA,2004-10-21,13.597560975609756
2004,MIA,2004-10-22,11.125748502994012
2004,MIA,2004-10-23,4.928571428571429
2004,MIA,2004-10-24,5.820224719101123
2004,MIA,2004-10-25,1.9642857142857142
2004,MIA,2004-10-26,1.8846153846153846
2004,MIA,2004-10-27,0.2922077922077922
2004,MIA,2004-10-28,9.701219512195122
2004,MIA,2004-10-29,10.602409638554217
2004,MIA,2004-10-30,5.857142857142857
2004,MIA,2004-10-31,0.9152542372881356
2004,MIA,2004-11-01,-0.7544910179640718
2004,MIA,2004-11-02,-3.358490566037736
2004,MIA,2004-11-03,-2.2303030303030305
2004,MIA,2004-11-04,1.1941176470588235
2004,MIA,2004-11-05,1.5174418604651163
2004,MIA,2004-11-06,3.4918918918918918
2004,MIA,2004-11-07,4.185792349726776
2004,MIA,2004-11-08,0.1839080459770115
2004,MIA,2004-11-09,1.2941176470588236
2004,MIA,2004-11-10,-1.5232558139534884
2004,MIA,2004-11-11,4.383720930232558
2004,MIA,2004-11-12,22.689655172413794
2004,MIA,2004-11-13,5.618279569892473
2004,MIA,2004-11-14,5.3646408839779
2004,MIA,2004-11-15,7.540229885057471
2004,MIA,2004-11-16,-0.6783625730994152
2004,MIA,2004-11-17,2.988372093023256
2004,MIA,2004-11-18,1.300578034682081
2004,MIA,2004-11-19,4.367816091954023
2004,MIA,2004-11-20,4.167567567567567
2004,MIA,2004-11-21,4.668508287292818
2004,MIA,2004-11-22,10.494252873563218
2004,MIA,2004-11-23,15.086705202312139
2004,MIA,2004-11-24,34.29824561403509
2004,MIA,2004-11-25,-2.6352201257861636
2004,MIA,2004-11-26,-3.023529411764706
2004,MIA,2004-11-27,5.25
2004,MIA,2004-11-28,20.05945945945946
2004,MIA,2004-11-29,6.329479768786127
2004,MIA,2004-11-30,6.965116279069767
2004,MIA,2004-12-01,12.178571428571429
2004,MIA,2004-12-02,-1.280701754385965
2004,MIA,2004-12-03,-3.5260115606936417
2004,MIA,2004-12-04,2.4759358288770055
2004,MIA,2004-12-05,3.787709497206704
2004,MIA,2004-12-06,16.447674418604652
2004,MIA,2004-12-07,7.227544910179641
2004,MIA,2004-12-08,-1.75
2004,MIA,2004-12-09,8.877906976744185
2004,MIA,2004-12-10,14.11046511627907
2004,MIA,2004-12-11,-1.9304812834224598
2004,MIA,2004-12-12,5.066666666666666
2004,MIA,2004-12-13,-1.5260115606936415
2004,MIA,2004-12-14,-1.8187134502923976
2004,MIA,2004-12-15,5.057142857142857
2004,MIA,2004-12-16,-0.6033519553072626
2004,MIA,2004-12-17,0.16022099447513813
2004,MIA,2004-12-18,5.040609137055838
2004,MIA,2004-12-19,11.601063829787234
2004,MIA,2004-12-20,24.033519553072626
2004,MIA,2004-12-21,11.859550561797754
2004,MIA,2004-12-22,13.169491525423728
2004,MIA,2004-12-23,35.3954802259887
2004,MIA,2004-12-24,10.548022598870057
2004,MIA,2004-12-25,3.5729166666666665
2004,MIA,2004-12-26,22.967741935483872
2004,MIA,2004-12-27,16.089385474860336
2004,MIA,2004-12-28,16.0625
2004,MIA,2004-12-29,16.494444444444444
2004,MIA,2004-12-30,16.475138121546962
2004,MIA,2004-12-31,-2.7670454545454546
2005,MCO,2005-01-01,2.5652173913043477
2005,MCO,2005-01-02,13.79765395894428
2005,MCO,2005-01-03,12.177710843373495
2005,MCO,2005-01-04,10.025
2005,MCO,2005-01-05,17.614420062695924
2005,MCO,2005-01-06,19.22769230769231
2005,MCO,2005-01-07,-0.6738461538461539
2005,MCO,2005-01-08,4.944117647058824
2005,MCO,2005-01-09,1.070336391437309
2005,MCO,2005-01-10,2.5864197530864197
2005,MCO,2005-01-11,1.744408945686901
2005,MCO,2005-01-12,11.319218241042345
2005,MCO,2005-01-13,20.32601880877743
2005,MCO,2005-01-14,25.378048780487806
2005,MCO,2005-01-15,4.07669616519174
2005,MCO,2005-01-16,7.2006079027355625
2005,MCO,2005-01-17,10.294478527607362
2005,MCO,2005-01-18,7.827044025157233
2005,MCO,2005-01-19,17.35987261146497
2005,MCO,2005-01-20,10.037267080745341
2005,MCO,2005-01-21,5.558282208588957
2005,MCO,2005-01-22,34.64944649446495
2005,MCO,2005-01-23,21.648936170212767
2005,MCO,2005-01-24,21.38244514106583
2005,MCO,2005-01-25,-0.7373417721518988
2005,MCO,2005-01-26,4.745161290322581
2005,MCO,2005-01-27,5.7213622291021675
2005,MCO,2005-01-28,0.37116564417177916
2005,MCO,2005-01-29,12.447619047619048
2005,MCO,2005-01-30,24.64923076923077
2005,MCO,2005-01-31,4.103343465045593
2005,MCO,2005-02-01,-0.8870967741935484
2005,MCO,2005-02-02,7.593548387096774
2005,MCO,2005-02-03,8.546875
2005,MCO,2005-02-04,12.275541795665635
2005,MCO,2005-02-05,3.0265486725663715
2005,MCO,2005-02-06,0.6512345679012346
2005,MCO,2005-02-07,1.8722741433021808
2005,MCO,2005-02-08,3.2626582278481013
2005,MCO,2005-02-09,3.3079365079365077
2005,MCO,2005-02-10,6.3938461538461535
2005,MCO,2005-02-11,13.66060606060606
2005,MCO,2005-02-12,10.619186046511627
2005,MCO,2005-02-13,0.7926829268292683
2005,MCO,2005-02-14,4.818461538461539
2005,MCO,2005-02-15,1.3667711598746082
2005,MCO,2005-02-16,7.561933534743202
2005,MCO,2005-02-17,7.8753709198813056
2005,MCO,2005-02-18,13.822157434402332
2005,MCO,2005-02-19,4.16991643454039
2005,MCO,2005-02-20,7.0175953079178885
2005,MCO,2005-02-21,30.560830860534125
2005,MCO,2005-02-22,7.048048048048048
2005,MCO,2005-02-23,5.746223564954683
2005,MCO,2005-02-24,18.24923076923077
2005,MCO,2005-02-25,17.032738095238095
2005,MCO,2005-02-26,6.373595505617978
2005,MCO,2005-02-27,10.903225806451612
2005,MCO,2005-02-28,11.130434782608695
2005,MCO,2005-03-01,20.613981762917934
2005,MCO,2005-03-02,11.672727272727272
2005,MCO,2005-03-03,4.2395209580838324
2005,MCO,2005-03-04,4.216867469879518
2005,MCO,2005-03-05,7.422096317280453
2005,MCO,2005-03-06,5.628318584070796
2005,MCO,2005-03-07,-0.5134328358208955
2005,MCO,2005-03-08,24.37748344370861
2005,MCO,2005-03-09,16.777439024390244
2005,MCO,2005-03-10,8.273809523809524
2005,MCO,2005-03-11,11.867647058823529
2005,MCO,2005-03-12,8.611898016997166
2005,MCO,2005-03-13,0.967930029154519
2005,MCO,2005-03-14,7.56973293768546
2005,MCO,2005-03-15,-0.723404255319149
2005,MCO,2005-03-16,8.982142857142858
2005,MCO,2005-03-17,12.994117647058824
2005,MCO,2005-03-18,14.104956268221574
2005,MCO,2005-03-19,6.365921787709497
2005,MCO,2005-03-20,9.641833810888253
2005,MCO,2005-03-21,5.5
2005,MCO,2005-03-22,9.317365269461078
2005,MCO,2005-03-23,26.24561403508772
2005,MCO,2005-03-24,12.561046511627907
2005,MCO,2005-03-25,107.89850746268657
2005,MCO,2005-03-26,75.03081232492997
2005,MCO,2005-03-27,17.971098265895954
2005,MCO,2005-03-28,27.607669616519175
2005,MCO,2005-03-29,9.529761904761905
2005,MCO,2005-03-30,1.4778761061946903
2005,MCO,2005-03-31,12.300291545189504
2005,MCO,2005-04-01,8.244186046511627
2005,MCO,2005-04-02,32.002881844380404
2005,MCO,2005-04-03,20.982456140350877
2005,MCO,2005-04-04,4.802395209580839
2005,MCO,2005-04-05,3.1090342679127727
2005,MCO,2005-04-06,-1.7876923076923077
2005,MCO,2005-04-07,14.097264437689969
2005,MCO,2005-04-08,1.7604790419161678
2005,MCO,2005-04-09,-1.0942857142857143
2005,MCO,2005-04-10,-0.7232142857142857
2005,MCO,2005-04-11,2.8674698795180724
2005,MCO,2005-04-12,-3.6024844720496896
2005,MCO,2005-04-13,-3.015290519877676
2005,MCO,2005-04-14,1.2175226586102719
2005,MCO,2005-04-15,2.96996996996997
2005,MCO,2005-04-16,-2.4277456647398843
2005,MCO,2005-04-17,-1.0416666666666667
2005,MCO,2005-04-18,-2.132930513595166
2005,MCO,2005-04-19,-4.5062111801242235
2005,MCO,2005-04-20,1.1498470948012232
2005,MCO,2005-04-21,0.9667673716012085
2005,MCO,2005-04-22,12.341463414634147
2005,MCO,2005-04-23,9.346820809248555
2005,MCO,2005-04-24,3.8165680473372783
2005,MCO,2005-04-25,0.6465256797583081
2005,MCO,2005-04-26,0.8699690402476781
2005,MCO,2005-04-27,6.383435582822086
2005,MCO,2005-04-28,5.915151515151515
2005,MCO,2005-04-29,2.103343465045593
2005,MCO,2005-04-30,18.717579250720462
2005,MCO,2005-05-01,-0.4294294294294294
2005,MCO,2005-05-02,-0.6355140186915887
2005,MCO,2005-05-03,2.5064935064935066
2005,MCO,2005-05-04,12.17363344051447
2005,MCO,2005-05-05,9.031847133757962
2005,MCO,2005-05-06,4.614649681528663
2005,MCO,2005-05-07,-0.13677811550151975
2005,MCO,2005-05-08,-0.15555555555555556
2005,MCO,2005-05-09,-3.158576051779935
2005,MCO,2005-05-10,-5.131578947368421
2005,MCO,2005-05-11,12.108552631578947
2005,MCO,2005-05-12,0.9225806451612903
2005,MCO,2005-05-13,-0.03536977491961415
2005,MCO,2005-05-14,-3.4539877300613497
2005,MCO,2005-05-15,2.971608832807571
2005,MCO,2005-05-16,-4.73462783171521
2005,MCO,2005-05-17,-4.729372937293729
2005,MCO,2005-05-18,0.21967213114754097
2005,MCO,2005-05-19,3.403225806451613
2005,MCO,2005-05-20,18.107843137254903
2005,MCO,2005-05-21,4.251533742331288
2005,MCO,2005-05-22,1.2113564668769716
2005,MCO,2005-05-23,-2.8181818181818183
2005,MCO,2005-05-24,8.287128712871286
2005,MCO,2005-05-25,14.141914191419142
2005,MCO,2005-05-26,8.609120521172638
2005,MCO,2005-05-27,0.9025974025974026
2005,MCO,2005-05-28,-3.664615384615385
2005,MCO,2005-05-29,-2.957377049180328
2005,MCO,2005-05-30,-2.4563758389261743
2005,MCO,2005-05-31,4.954248366013072
2005,MCO,2005-06-01,5.3881578947368425
2005,MCO,2005-06-02,1.2748344370860927
2005,MCO,2005-06-03,25.148387096774194
2005,MCO,2005-06-04,-0.25696594427244585
2005,MCO,2005-06-05,8.022222222222222
2005,MCO,2005-06-06,16.976744186046513
2005,MCO,2005-06-07,5.273927392739274
2005,MCO,2005-06-08,1.8098360655737704
2005,MCO,2005-06-09,6.166134185303514
2005,MCO,2005-06-10,11.430868167202572
2005,MCO,2005-06-11,8.976190476190476
2005,MCO,2005-06-12,10.041009463722398
2005,MCO,2005-06-13,0.9495268138801262
2005,MCO,2005-06-14,1.4889589905362777
2005,MCO,2005-06-15,13.551724137931034
2005,MCO,2005-06-16,33.92332268370607
2005,MCO,2005-06-17,14.320872274143301
2005,MCO,2005-06-18,3.899408284023669
2005,MCO,2005-06-19,1.5944272445820433
2005,MCO,2005-06-20,-1.2515527950310559
2005,MCO,2005-06-21,-2.542056074766355
2005,MCO,2005-06-22,16.231012658227847
2005,MCO,2005-06-23,6.5233644859813085
2005,MCO,2005-06-24,1.7777777777777777
2005,MCO,2005-06-25,-1.9763313609467457
2005,MCO,2005-06-26,0.27384615384615385
2005,MCO,2005-06-27,14.538699690402476
2005,MCO,2005-06-28,22.096875
2005,MCO,2005-06-29,28.76323987538941
2005,MCO,2005-06-30,33.974921630094045
2005,MCO,2005-07-01,24.179566563467493
2005,MCO,2005-07-02,16.43491124260355
2005,MCO,2005-07-03,5.012779552715655
2005,MCO,2005-07-04,-1.8934169278996866
2005,MCO,2005-07-05,10.224615384615385
2005,MCO,2005-07-06,6.53416149068323
2005,MCO,2005-07-07,8.248447204968944
2005,MCO,2005-07-08,8.425076452599388
2005,MCO,2005-07-09,7.476470588235294
2005,MCO,2005-07-10,3.9876923076923076
2005,MCO,2005-07-11,9.517133956386292
2005,MCO,2005-07-12,11.829721362229103
2005,MCO,2005-07-13,40.92356687898089
2005,MCO,2005-07-14,27.830246913580247
2005,MCO,2005-07-15,28.56269113149847
2005,MCO,2005-07-16,16.253644314868804
2005,MCO,2005-07-17,23.76073619631902
2005,MCO,2005-07-18,16.533742331288344
2005,MCO,2005-07-19,16.309375
2005,MCO,2005-07-20,9.5
2005,MCO,2005-07-21,7.854489164086687
2005,MCO,2005-07-22,6.454268292682927
2005,MCO,2005-07-23,3.072886297376093
2005,MCO,2005-07-24,1.6134969325153374
2005,MCO,2005-07-25,14.303680981595091
2005,MCO,2005-07-26,8.18944099378882
2005,MCO,2005-07-27,15.31055900621118
2005,MCO,2005-07-28,5.024615384615385
2005,MCO,2005-07-29,6.740061162079511
2005,MCO,2005-07-30,12.778425655976676
2005,MCO,2005-07-31,5.590214067278287
2005,MCO,2005-08-01,17.213414634146343
2005,MCO,2005-08-02,-3.0925925925925926
2005,MCO,2005-08-03,0.13803680981595093
2005,MCO,2005-08-04,17.80625
2005,MCO,2005-08-05,26.688271604938272
2005,MCO,2005-08-06,5.457227138643068
2005,MCO,2005-08-07,16.75076923076923
2005,MCO,2005-08-08,18.757668711656443
2005,MCO,2005-08-09,10.288401253918495
2005,MCO,2005-08-10,0.6006191950464397
2005,MCO,2005-08-11,2.2142857142857144
2005,MCO,2005-08-12,6.0830769230769235
2005,MCO,2005-08-13,13.382352941176471
2005,MCO,2005-08-14,31.950155763239877
2005,MCO,2005-08-15,5.5576923076923075
2005,MCO,2005-08-16,13.80967741935484
2005,MCO,2005-08-17,1.0952380952380953
2005,MCO,2005-08-18,15.0282131661442
2005,MCO,2005-08-19,4.580441640378549
2005,MCO,2005-08-20,17.16716417910448
2005,MCO,2005-08-21,0.7428571428571429
2005,MCO,2005-08-22,1.9294871794871795
2005,MCO,2005-08-23,0.12459016393442623
2005,MCO,2005-08-24,4.19672131147541
2005,MCO,2005-08-25,11.735973597359736
2005,MCO,2005-08-26,2.4304635761589406
2005,MCO,2005-08-27,-4.259938837920489
2005,MCO,2005-08-28,-1.9774193548387098
2005,MCO,2005-08-29,1.1428571428571428
2005,MCO,2005-08-30,0.26936026936026936
2005,MCO,2005-08-31,3.1375838926174495
2005,MCO,2005-09-01,-0.8013245033112583
2005,MCO,2005-09-02,3.281967213114754
2005,MCO,2005-09-03,-7.55625
2005,MCO,2005-09-04,-9.505084745762712
2005,MCO,2005-09-05,-3.7401315789473686
2005,MCO,2005-09-06,-3.1335616438356166
2005,MCO,2005-09-07,-5.587188612099644
2005,MCO,2005-09-08,-6.210344827586207
2005,MCO,2005-09-09,-2.457044673539519
2005,MCO,2005-09-10,-8.042345276872965
2005,MCO,2005-09-11,-3.4731543624161074
2005,MCO,2005-09-12,-3.332179930795848
2005,MCO,2005-09-13,-5.404332129963899
2005,MCO,2005-09-14,3.7392857142857143
2005,MCO,2005-09-15,9.642611683848797
2005,MCO,2005-09-16,6.938356164383562
2005,MCO,2005-09-17,0.006756756756756757
2005,MCO,2005-09-18,-2.260869565217391
2005,MCO,2005-09-19,3.2457337883959045
2005,MCO,2005-09-20,1.4870848708487086
2005,MCO,2005-09-21,0.10676156583629894
2005,MCO,2005-09-22,7.040955631399317
2005,MCO,2005-09-23,0.1443661971830986
2005,MCO,2005-09-24,-4.141342756183746
2005,MCO,2005-09-25,-2.4175084175084174
2005,MCO,2005-09-26,3.3095238095238093
2005,MCO,2005-09-27,-3.758992805755396
2005,MCO,2005-09-28,-0.13620071684587814
2005,MCO,2005-09-29,4.546075085324232
2005,MCO,2005-09-30,-2.225589225589226
2005,MCO,2005-10-01,-1.1726384364820848
2005,MCO,2005-10-02,-0.8407643312101911
2005,MCO,2005-10-03,2.6731391585760518
2005,MCO,2005-10-04,1.178082191780822
2005,MCO,2005-10-05,-0.14802631578947367
2005,MCO,2005-10-06,7.473186119873817
2005,MCO,2005-10-07,14.890625
2005,MCO,2005-10-08,5.252336448598131
2005,MCO,2005-10-09,-0.09006211180124224
2005,MCO,2005-10-10,14.471518987341772
2005,MCO,2005-10-11,7.993333333333333
2005,MCO,2005-10-12,18.302325581395348
2005,MCO,2005-10-13,18.58490566037736
2005,MCO,2005-10-14,16.05625
2005,MCO,2005-10-15,0.4735202492211838
2005,MCO,2005-10-16,7.904907975460123
2005,MCO,2005-10-17,9.267295597484276
2005,MCO,2005-10-18,-0.8627450980392157
2005,MCO,2005-10-19,2.3214285714285716
2005,MCO,2005-10-20,-0.5157232704402516
2005,MCO,2005-10-21,4.633540372670807
2005,MCO,2005-10-22,7.046583850931677
2005,MCO,2005-10-23,-2.590062111801242
2005,MCO,2005-10-24,-0.8111111111111111
2005,MCO,2005-10-25,7.0793103448275865
2005,MCO,2005-10-26,-4.3120805369127515
2005,MCO,2005-10-27,-2.792452830188679
2005,MCO,2005-10-28,0.7632398753894081
2005,MCO,2005-10-29,-2.043343653250774
2005,MCO,2005-10-30,-3.024390243902439
2005,MCO,2005-10-31,-1.16403785488959
2005,MCO,2005-11-01,-4.434083601286174
2005,MCO,2005-11-02,-4.172523961661342
2005,MCO,2005-11-03,4.260061919504644
2005,MCO,2005-11-04,-3.4484848484848483
2005,MCO,2005-11-05,-4.4815950920245395
2005,MCO,2005-11-06,11.773809523809524
2005,MCO,2005-11-07,0.051829268292682924
2005,MCO,2005-11-08,-1.4525316455696202
2005,MCO,2005-11-09,15.125382262996942
2005,MCO,2005-11-10,7.7522388059701495
2005,MCO,2005-11-11,6.540059347181009
2005,MCO,2005-11-12,-2.302941176470588
2005,MCO,2005-11-13,-1.7758620689655173
2005,MCO,2005-11-14,-1.1238938053097345
2005,MCO,2005-11-15,3.6424242424242426
2005,MCO,2005-11-16,8.606606606606606
2005,MCO,2005-11-17,-0.7084548104956269
2005,MCO,2005-11-18,3.7716763005780347
2005,MCO,2005-11-19,-2.430635838150289
2005,MCO,2005-11-20,-0.3008595988538682
2005,MCO,2005-11-21,8.367952522255193
2005,MCO,2005-11-22,10.680232558139535
2005,MCO,2005-11-23,7.65406976744186
2005,MCO,2005-11-24,0.8362369337979094
2005,MCO,2005-11-25,-3.45
2005,MCO,2005-11-26,-1.3371757925072045
2005,MCO,2005-11-27,5.37037037037037
2005,MCO,2005-11-28,26.412280701754387
2005,MCO,2005-11-29,14.9375
2005,MCO,2005-11-30,1.2981927710843373
2005,MCO,2005-12-01,3.606811145510836
2005,MCO,2005-12-02,6.966867469879518
2005,MCO,2005-12-03,0.7181818181818181
2005,MCO,2005-12-04,21.617469879518072
2005,MCO,2005-12-05,7.643076923076923
2005,MCO,2005-12-06,4.019417475728155
2005,MCO,2005-12-07,3.3311897106109325
2005,MCO,2005-12-08,11.5
2005,MCO,2005-12-09,38.6822429906542
2005,MCO,2005-12-10,2.9060606060606062
2005,MCO,2005-12-11,6.837349397590361
2005,MCO,2005-12-12,4.913846153846154
2005,MCO,2005-12-13,2.3354632587859423
2005,MCO,2005-12-14,5.209003215434084
2005,MCO,2005-12-15,24.59090909090909
2005,MCO,2005-12-16,14.716814159292035
2005,MCO,2005-12-17,7.572254335260116
2005,MCO,2005-12-18,2.98546511627907
2005,MCO,2005-12-19,5.283185840707965
2005,MCO,2005-12-20,5.8700906344410875
2005,MCO,2005-12-21,3.090909090909091
2005,MCO,2005-12-22,11.18840579710145
2005,MCO,2005-12-23,4.215116279069767
2005,MCO,2005-12-24,-5.669590643274854
2005,MCO,2005-12-25,9.314024390243903
2005,MCO,2005-12-26,16.973988439306357
2005,MCO,2005-12-27,14.371014492753623
2005,MCO,2005-12-28,14.245664739884393
2005,MCO,2005-12-29,19.82369942196532
2005,MCO,2005-12-30,4.953890489913545
2005,MCO,2005-12-31,5.244897959183674
2005,MIA,2005-01-01,1.0151515151515151
2005,MIA,2005-01-02,17.892307692307693
2005,MIA,2005-01-03,13.45054945054945
2005,MIA,2005-01-04,16.54022988505747
2005,MIA,2005-01-05,19.76878612716763
2005,MIA,2005-01-06,24.913793103448278
2005,MIA,2005-01-07,7.052631578947368
2005,MIA,2005-01-08,12.70103092783505
2005,MIA,2005-01-09,6.173913043478261
2005,MIA,2005-01-10,3.6206896551724137
2005,MIA,2005-01-11,3.818713450292398
2005,MIA,2005-01-12,16.410714285714285
2005,MIA,2005-01-13,22.41860465116279
2005,MIA,2005-01-14,29.226744186046513
2005,MIA,2005-01-15,6.492146596858639
2005,MIA,2005-01-16,6.114130434782608
2005,MIA,2005-01-17,6.459770114942529
2005,MIA,2005-01-18,15.837209302325581
2005,MIA,2005-01-19,13.321637426900585
2005,MIA,2005-01-20,12.098265895953757
2005,MIA,2005-01-21,7.023529411764706
2005,MIA,2005-01-22,22.945945945945947
2005,MIA,2005-01-23,10.13125
2005,MIA,2005-01-24,22.280701754385966
2005,MIA,2005-01-25,2.8830409356725144
2005,MIA,2005-01-26,10.553571428571429
2005,MIA,2005-01-27,6.160919540229885
2005,MIA,2005-01-28,8.670588235294117
2005,MIA,2005-01-29,14.11046511627907
2005,MIA,2005-01-30,19.605555555555554
2005,MIA,2005-01-31,6.892655367231638
2005,MIA,2005-02-01,6.573099415204679
2005,MIA,2005-02-02,11.816091954022989
2005,MIA,2005-02-03,7.7727272727272725
2005,MIA,2005-02-04,14.659090909090908
2005,MIA,2005-02-05,5.963730569948186
2005,MIA,2005-02-06,6.4171122994652405
2005,MIA,2005-02-07,-0.9
2005,MIA,2005-02-08,4.2701149425287355
2005,MIA,2005-02-09,7.632768361581921
2005,MIA,2005-02-10,5.153409090909091
2005,MIA,2005-02-11,13.189655172413794
2005,MIA,2005-02-12,6.623711340206185
2005,MIA,2005-02-13,4.0855614973262036
2005,MIA,2005-02-14,8.432584269662922
2005,MIA,2005-02-15,7.056818181818182
2005,MIA,2005-02-16,11.212290502793296
2005,MIA,2005-02-17,4.298342541436464
2005,MIA,2005-02-18,17.23756906077348
2005,MIA,2005-02-19,5.528205128205128
2005,MIA,2005-02-20,13.303191489361701
2005,MIA,2005-02-21,33.73480662983425
2005,MIA,2005-02-22,4.038888888888889
2005,MIA,2005-02-23,1.977142857142857
2005,MIA,2005-02-24,18.125
2005,MIA,2005-02-25,8.977900552486188
2005,MIA,2005-02-26,5.467336683417085
2005,MIA,2005-02-27,19.89005235602094
2005,MIA,2005-02-28,29.508474576271187
2005,MIA,2005-03-01,19.146892655367232
2005,MIA,2005-03-02,16.406779661016948
2005,MIA,2005-03-03,0.2185792349726776
2005,MIA,2005-03-04,10.430939226519337
2005,MIA,2005-03-05,7.091836734693878
2005,MIA,2005-03-06,5.575916230366492
2005,MIA,2005-03-07,4.181318681318682
2005,MIA,2005-03-08,25.149700598802394
2005,MIA,2005-03-09,18.691011235955056
2005,MIA,2005-03-10,15.95054945054945
2005,MIA,2005-03-11,11.978142076502733
2005,MIA,2005-03-12,12.875
2005,MIA,2005-03-13,6.494791666666667
2005,MIA,2005-03-14,-1.6304347826086956
2005,MIA,2005-03-15,-1.3333333333333333
2005,MIA,2005-03-16,9.382022471910112
2005,MIA,2005-03-17,73.50847457627118
2005,MIA,2005-03-18,13.597826086956522
2005,MIA,2005-03-19,-1.435
2005,MIA,2005-03-20,7.484210526315789
2005,MIA,2005-03-21,11.6
2005,MIA,2005-03-22,11.769662921348315
2005,MIA,2005-03-23,29.335164835164836
2005,MIA,2005-03-24,6.7228260869565215
2005,MIA,2005-03-25,46.516304347826086
2005,MIA,2005-03-26,18.82089552238806
2005,MIA,2005-03-27,16.722513089005236
2005,MIA,2005-03-28,28.86413043478261
2005,MIA,2005-03-29,10.69060773480663
2005,MIA,2005-03-30,-0.6944444444444444
2005,MIA,2005-03-31,10.662983425414364
2005,MIA,2005-04-01,3.633879781420765
2005,MIA,2005-04-02,51.943005181347154
2005,MIA,2005-04-03,16.207650273224044
2005,MIA,2005-04-04,5.657303370786517
2005,MIA,2005-04-05,2.4235294117647057
2005,MIA,2005-04-06,1.6571428571428573
2005,MIA,2005-04-07,6.7542857142857144
2005,MIA,2005-04-08,9.28
2005,MIA,2005-04-09,-0.8074866310160428
2005,MIA,2005-04-10,4.5251396648044695
2005,MIA,2005-04-11,8.817142857142857
2005,MIA,2005-04-12,-2.208092485549133
2005,MIA,2005-04-13,0.05232558139534884
2005,MIA,2005-04-14,2.039772727272727
2005,MIA,2005-04-15,5.706896551724138
2005,MIA,2005-04-16,-3.129032258064516
2005,MIA,2005-04-17,2.566666666666667
2005,MIA,2005-04-18,1.625
2005,MIA,2005-04-19,-3.2790697674418605
2005,MIA,2005-04-20,2.0
2005,MIA,2005-04-21,-1.1734104046242775
2005,MIA,2005-04-22,20.052023121387283
2005,MIA,2005-04-23,10.63978494623656
2005,MIA,2005-04-24,5.447513812154696
2005,MIA,2005-04-25,5.471590909090909
2005,MIA,2005-04-26,-0.45348837209302323
2005,MIA,2005-04-27,1.930635838150289
2005,MIA,2005-04-28,9.754285714285714
2005,MIA,2005-04-29,5.335260115606936
2005,MIA,2005-04-30,15.713513513513513
2005,MIA,2005-05-01,-1.1538461538461537
2005,MIA,2005-05-02,4.12
2005,MIA,2005-05-03,32.90243902439025
2005,MIA,2005-05-04,39.05917159763314
2005,MIA,2005-05-05,37.2183908045977
2005,MIA,2005-05-06,6.9314285714285715
2005,MIA,2005-05-07,-1.284153005464481
2005,MIA,2005-05-08,1.9606741573033708
2005,MIA,2005-05-09,-1.3352601156069364
2005,MIA,2005-05-10,-3.891566265060241
2005,MIA,2005-05-11,10.251497005988025
2005,MIA,2005-05-12,0.5549132947976878
2005,MIA,2005-05-13,4.430232558139535
2005,MIA,2005-05-14,-4.268156424581005
2005,MIA,2005-05-15,2.3146067415730336
2005,MIA,2005-05-16,-3.6300578034682083
2005,MIA,2005-05-17,-6.9171597633136095
2005,MIA,2005-05-18,-1.0714285714285714
2005,MIA,2005-05-19,7.251461988304094
2005,MIA,2005-05-20,15.455089820359282
2005,MIA,2005-05-21,6.47457627118644
2005,MIA,2005-05-22,0.6573033707865169
2005,MIA,2005-05-23,0.011627906976744186
2005,MIA,2005-05-24,3.6506024096385543
2005,MIA,2005-05-25,19.29585798816568
2005,MIA,2005-05-26,37.372093023255815
2005,MIA,2005-05-27,6.179190751445087
2005,MIA,2005-05-28,13.247191011235955
2005,MIA,2005-05-29,6.586206896551724
2005,MIA,2005-05-30,6.100591715976331
2005,MIA,2005-05-31,14.42603550295858
2005,MIA,2005-06-01,23.577380952380953
2005,MIA,2005-06-02,25.818713450292396
2005,MIA,2005-06-03,13.017441860465116
2005,MIA,2005-06-04,-0.2122905027932961
2005,MIA,2005-06-05,22.779661016949152
2005,MIA,2005-06-06,31.7
2005,MIA,2005-06-07,10.072727272727272
2005,MIA,2005-06-08,3.461077844311377
2005,MIA,2005-06-09,16.02285714285714
2005,MIA,2005-06-10,28.76502732240437
2005,MIA,2005-06-11,12.163157894736843
2005,MIA,2005-06-12,9.72192513368984
2005,MIA,2005-06-13,4.342541436464089
2005,MIA,2005-06-14,4.248587570621469
2005,MIA,2005-06-15,10.626373626373626
2005,MIA,2005-06-16,21.39325842696629
2005,MIA,2005-06-17,44.259887005649716
2005,MIA,2005-06-18,11.219251336898395
2005,MIA,2005-06-19,23.81081081081081
2005,MIA,2005-06-20,63.17045454545455
2005,MIA,2005-06-21,6.022346368715084
2005,MIA,2005-06-22,15.64406779661017
2005,MIA,2005-06-23,39.582857142857144
2005,MIA,2005-06-24,12.0
2005,MIA,2005-06-25,-0.07608695652173914
2005,MIA,2005-06-26,12.176470588235293
2005,MIA,2005-06-27,23.13736263736264
2005,MIA,2005-06-28,16.578651685393258
2005,MIA,2005-06-29,29.547486033519554
2005,MIA,2005-06-30,36.21978021978022
2005,MIA,2005-07-01,27.508474576271187
2005,MIA,2005-07-02,20.010752688172044
2005,MIA,2005-07-03,8.71584699453552
2005,MIA,2005-07-04,5.983333333333333
2005,MIA,2005-07-05,18.662921348314608
2005,MIA,2005-07-06,17.988826815642458
2005,MIA,2005-07-07,11.045454545454545
2005,MIA,2005-07-08,23.8876404494382
2005,MIA,2005-07-09,22.895027624309392
2005,MIA,2005-07-10,11.903225806451612
2005,MIA,2005-07-11,9.625698324022347
2005,MIA,2005-07-12,11.150837988826815
2005,MIA,2005-07-13,34.33519553072626
2005,MIA,2005-07-14,27.430939226519335
2005,MIA,2005-07-15,39.98295454545455
2005,MIA,2005-07-16,18.117021276595743
2005,MIA,2005-07-17,18.155913978494624
2005,MIA,2005-07-18,21.313186813186814
2005,MIA,2005-07-19,14.314606741573034
2005,MIA,2005-07-20,26.34090909090909
2005,MIA,2005-07-21,17.70718232044199
2005,MIA,2005-07-22,7.414364640883978
2005,MIA,2005-07-23,3.3947368421052633
2005,MIA,2005-07-24,4.877005347593583
2005,MIA,2005-07-25,25.033333333333335
2005,MIA,2005-07-26,13.561111111111112
2005,MIA,2005-07-27,14.257142857142858
2005,MIA,2005-07-28,15.05056179775281
2005,MIA,2005-07-29,17.98324022346369
2005,MIA,2005-07-30,22.56382978723404
2005,MIA,2005-07-31,8.56043956043956
2005,MIA,2005-08-01,12.918032786885245
2005,MIA,2005-08-02,9.05524861878453
2005,MIA,2005-08-03,25.142857142857142
2005,MIA,2005-08-04,17.446927374301676
2005,MIA,2005-08-05,33.60989010989011
2005,MIA,2005-08-06,27.63586956521739
2005,MIA,2005-08-07,34.483870967741936
2005,MIA,2005-08-08,25.755555555555556
2005,MIA,2005-08-09,16.734806629834253
2005,MIA,2005-08-10,6.988888888888889
2005,MIA,2005-08-11,6.049180327868853
2005,MIA,2005-08-12,14.702247191011235
2005,MIA,2005-08-13,24.643243243243244
2005,MIA,2005-08-14,23.383783783783784
2005,MIA,2005-08-15,5.693989071038251
2005,MIA,2005-08-16,9.677966101694915
2005,MIA,2005-08-17,8.45054945054945
2005,MIA,2005-08-18,16.005524861878452
2005,MIA,2005-08-19,7.281081081081081
2005,MIA,2005-08-20,2.9788359788359786
2005,MIA,2005-08-21,5.342245989304812
2005,MIA,2005-08-22,3.0662983425414363
2005,MIA,2005-08-23,3.4242424242424243
2005,MIA,2005-08-24,1.2573099415204678
2005,MIA,2005-08-25,17.344827586206897
2005,MIA,2005-08-26,48.85
2005,MIA,2005-08-27,9.632911392405063
2005,MIA,2005-08-28,3.838150289017341
2005,MIA,2005-08-29,14.934911242603551
2005,MIA,2005-08-30,5.8545454545454545
2005,MIA,2005-08-31,13.384615384615385
2005,MIA,2005-09-01,1.1597633136094674
2005,MIA,2005-09-02,26.21301775147929
2005,MIA,2005-09-03,15.0
2005,MIA,2005-09-04,-4.1301775147929
2005,MIA,2005-09-05,-0.9882352941176471
2005,MIA,2005-09-06,1.4970414201183433
2005,MIA,2005-09-07,-3.8902439024390243
2005,MIA,2005-09-08,-3.5301204819277108
2005,MIA,2005-09-09,-5.544910179640719
2005,MIA,2005-09-10,1.0588235294117647
2005,MIA,2005-09-11,30.065868263473053
2005,MIA,2005-09-12,5.662650602409639
2005,MIA,2005-09-13,0.10493827160493827
2005,MIA,2005-09-14,1.3703703703703705
2005,MIA,2005-09-15,6.4
2005,MIA,2005-09-16,8.152439024390244
2005,MIA,2005-09-17,-0.9822485207100592
2005,MIA,2005-09-18,-3.8875739644970415
2005,MIA,2005-09-19,4.228915662650603
2005,MIA,2005-09-20,19.533333333333335
2005,MIA,2005-09-21,-1.1296296296296295
2005,MIA,2005-09-22,6.902439024390244
2005,MIA,2005-09-23,2.606451612903226
2005,MIA,2005-09-24,-3.5652173913043477
2005,MIA,2005-09-25,1.592814371257485
2005,MIA,2005-09-26,8.41566265060241
2005,MIA,2005-09-27,6.381818181818182
2005,MIA,2005-09-28,0.8957055214723927
2005,MIA,2005-09-29,6.167664670658683
2005,MIA,2005-09-30,1.9272727272727272
2005,MIA,2005-10-01,12.512048192771084
2005,MIA,2005-10-02,9.796407185628743
2005,MIA,2005-10-03,2.0301204819277108
2005,MIA,2005-10-04,7.121212121212121
2005,MIA,2005-10-05,3.1197604790419162
2005,MIA,2005-10-06,16.615384615384617
2005,MIA,2005-10-07,20.668639053254438
2005,MIA,2005-10-08,5.109195402298851
2005,MIA,2005-10-09,2.6666666666666665
2005,MIA,2005-10-10,22.420118343195266
2005,MIA,2005-10-11,13.74705882352941
2005,MIA,2005-10-12,13.588957055214724
2005,MIA,2005-10-13,16.75294117647059
2005,MIA,2005-10-14,22.828402366863905
2005,MIA,2005-10-15,0.7183908045977011
2005,MIA,2005-10-16,7.508771929824562
2005,MIA,2005-10-17,7.497076023391813
2005,MIA,2005-10-18,3.1242603550295858
2005,MIA,2005-10-19,0.1569767441860465
2005,MIA,2005-10-20,1.7034883720930232
2005,MIA,2005-10-21,3.911764705882353
2005,MIA,2005-10-22,0.0
2005,MIA,2005-10-23,10.804878048780488
2005,MIA,2005-10-26,-0.6904761904761905
2005,MIA,2005-10-27,7.090225563909774
2005,MIA,2005-10-28,-1.3541666666666667
2005,MIA,2005-10-29,2.1707317073170733
2005,MIA,2005-10-30,2.739644970414201
2005,MIA,2005-10-31,-0.11764705882352941
2005,MIA,2005-11-01,6.06145251396648
2005,MIA,2005-11-02,-1.6353591160220995
2005,MIA,2005-11-03,6.901639344262295
2005,MIA,2005-11-04,-0.4262295081967213
2005,MIA,2005-11-05,0.9888268156424581
2005,MIA,2005-11-06,12.291891891891892
2005,MIA,2005-11-07,5.442622950819672
2005,MIA,2005-11-08,0.8212290502793296
2005,MIA,2005-11-09,13.233333333333333
2005,MIA,2005-11-10,10.214285714285714
2005,MIA,2005-11-11,6.494565217391305
2005,MIA,2005-11-12,-0.46195652173913043
2005,MIA,2005-11-13,3.1405405405405404
2005,MIA,2005-11-14,4.429347826086956
2005,MIA,2005-11-15,9.797752808988765
2005,MIA,2005-11-16,10.062146892655367
2005,MIA,2005-11-17,-2.0543478260869565
2005,MIA,2005-11-18,1.7795698924731183
2005,MIA,2005-11-19,-1.4835164835164836
2005,MIA,2005-11-20,5.826086956521739
2005,MIA,2005-11-21,11.13586956521739
2005,MIA,2005-11-22,13.075675675675676
2005,MIA,2005-11-23,10.695652173913043
2005,MIA,2005-11-24,0.38414634146341464
2005,MIA,2005-11-25,0.6228571428571429
2005,MIA,2005-11-26,-0.03783783783783784
2005,MIA,2005-11-27,13.302702702702703
2005,MIA,2005-11-28,23.82608695652174
2005,MIA,2005-11-29,18.907103825136613
2005,MIA,2005-11-30,1.3956043956043955
2005,MIA,2005-12-01,7.032786885245901
2005,MIA,2005-12-02,8.891304347826088
2005,MIA,2005-12-03,1.6555555555555554
2005,MIA,2005-12-04,21.01086956521739
2005,MIA,2005-12-05,19.675977653631286
2005,MIA,2005-12-06,12.74705882352941
2005,MIA,2005-12-07,17.04705882352941
2005,MIA,2005-12-08,16.251396648044693
2005,MIA,2005-12-09,21.547486033519554
2005,MIA,2005-12-10,3.550561797752809
2005,MIA,2005-12-11,11.021739130434783
2005,MIA,2005-12-12,9.672222222222222
2005,MIA,2005-12-13,5.385057471264368
2005,MIA,2005-12-14,13.887573964497042
2005,MIA,2005-12-15,32.22099447513812
2005,MIA,2005-12-16,13.79896907216495
2005,MIA,2005-12-17,10.072164948453608
2005,MIA,2005-12-18,18.614213197969544
2005,MIA,2005-12-19,10.066666666666666
2005,MIA,2005-12-20,10.526041666666666
2005,MIA,2005-12-21,4.49738219895288
2005,MIA,2005-12-22,15.284974093264248
2005,MIA,2005-12-23,10.43298969072165
2005,MIA,2005-12-24,-1.036649214659686
2005,MIA,2005-12-25,12.805128205128206
2005,MIA,2005-12-26,20.78238341968912
2005,MIA,2005-12-27,7.577319587628866
2005,MIA,2005-12-28,12.242268041237113
2005,MIA,2005-12-29,23.135416666666668
2005,MIA,2005-12-30,10.963917525773196
2005,MIA,2005-12-31,2.6596858638743455
2006,MCO,2006-01-01,8.4
2006,MCO,2006-01-02,29.0117994100295
2006,MCO,2006-01-03,33.40294117647059
2006,MCO,2006-01-04,6.261682242990654
2006,MCO,2006-01-05,1.4290123456790123
2006,MCO,2006-01-06,-1.6454545454545455
2006,MCO,2006-01-07,4.883233532934132
2006,MCO,2006-01-08,2.195195195195195
2006,MCO,2006-01-09,-4.611620795107034
2006,MCO,2006-01-10,-7.601286173633441
2006,MCO,2006-01-11,7.45859872611465
2006,MCO,2006-01-12,-1.3395638629283488
2006,MCO,2006-01-13,23.05
2006,MCO,2006-01-14,27.370030581039757
2006,MCO,2006-01-15,18.33128834355828
2006,MCO,2006-01-16,5.26605504587156
2006,MCO,2006-01-17,-1.6913183279742765
2006,MCO,2006-01-18,7.2838283828382835
2006,MCO,2006-01-19,-3.440993788819876
2006,MCO,2006-01-20,-5.334346504559271
2006,MCO,2006-01-21,-3.82370820668693
2006,MCO,2006-01-22,3.819571865443425
2006,MCO,2006-01-23,12.904153354632587
2006,MCO,2006-01-24,-6.658064516129032
2006,MCO,2006-01-25,2.4856230031948883
2006,MCO,2006-01-26,0.6242236024844721
2006,MCO,2006-01-27,-1.6797583081570997
2006,MCO,2006-01-28,0.7993920972644377
2006,MCO,2006-01-29,0.14285714285714285
2006,MCO,2006-01-30,6.732704402515723
2006,MCO,2006-01-31,3.0326797385620914
2006,MCO,2006-02-01,-6.909967845659164
2006,MCO,2006-02-02,-3.102803738317757
2006,MCO,2006-02-03,18.657575757575756
2006,MCO,2006-02-04,6.101226993865031
2006,MCO,2006-02-05,2.5393939393939395
2006,MCO,2006-02-06,3.7673716012084593
2006,MCO,2006-02-07,-8.292063492063493
2006,MCO,2006-02-08,-2.731012658227848
2006,MCO,2006-02-09,2.1951219512195124
2006,MCO,2006-02-10,1.322289156626506
2006,MCO,2006-02-11,7.439873417721519
2006,MCO,2006-02-12,12.467924528301888
2006,MCO,2006-02-13,14.829721362229103
2006,MCO,2006-02-14,7.231012658227848
2006,MCO,2006-02-15,-1.037037037037037
2006,MCO,2006-02-16,13.507374631268437
2006,MCO,2006-02-17,25.444444444444443
2006,MCO,2006-02-18,13.814084507042253
2006,MCO,2006-02-19,15.569767441860465
2006,MCO,2006-02-20,15.479411764705882
2006,MCO,2006-02-21,7.62089552238806
2006,MCO,2006-02-22,11.205357142857142
2006,MCO,2006-02-23,13.287390029325513
2006,MCO,2006-02-24,12.03206997084548
2006,MCO,2006-02-25,6.442896935933148
2006,MCO,2006-02-26,12.507246376811594
2006,MCO,2006-02-27,11.044117647058824
2006,MCO,2006-02-28,1.2401215805471124
2006,MCO,2006-03-01,3.3802395209580838
2006,MCO,2006-03-02,10.763313609467456
2006,MCO,2006-03-03,6.807580174927113
2006,MCO,2006-03-04,7.606648199445983
2006,MCO,2006-03-05,7.544668587896253
2006,MCO,2006-03-06,5.88338192419825
2006,MCO,2006-03-07,10.461309523809524
2006,MCO,2006-03-08,3.0377906976744184
2006,MCO,2006-03-09,8.375
2006,MCO,2006-03-10,5.300578034682081
2006,MCO,2006-03-11,4.196675900277008
2006,MCO,2006-03-12,11.456896551724139
2006,MCO,2006-03-13,14.857142857142858
2006,MCO,2006-03-14,9.305637982195845
2006,MCO,2006-03-15,8.263157894736842
2006,MCO,2006-03-16,7.283236994219653
2006,MCO,2006-03-17,6.046109510086455
2006,MCO,2006-03-18,7.94475138121547
2006,MCO,2006-03-19,10.957386363636363
2006,MCO,2006-03-20,10.621387283236995
2006,MCO,2006-03-21,4.605882352941176
2006,MCO,2006-03-22,2.4521739130434783
2006,MCO,2006-03-23,4.862068965517241
2006,MCO,2006-03-24,3.097421203438395
2006,MCO,2006-03-25,2.6639118457300275
2006,MCO,2006-03-26,3.6039886039886038
2006,MCO,2006-03-27,2.8962536023054755
2006,MCO,2006-03-28,4.52046783625731
2006,MCO,2006-03-29,-2.421965317919075
2006,MCO,2006-03-30,0.863768115942029
2006,MCO,2006-03-31,2.343839541547278
2006,MCO,2006-04-01,1.0054945054945055
2006,MCO,2006-04-02,7.971509971509971
2006,MCO,2006-04-03,13.28080229226361
2006,MCO,2006-04-04,6.604166666666667
2006,MCO,2006-04-05,14.874269005847953
2006,MCO,2006-04-06,9.982708933717579
2006,MCO,2006-04-07,12.054131054131053
2006,MCO,2006-04-08,12.641242937853107
2006,MCO,2006-04-09,5.764204545454546
2006,MCO,2006-04-10,2.045977011494253
2006,MCO,2006-04-11,2.011764705882353
2006,MCO,2006-04-12,0.7435158501440923
2006,MCO,2006-04-13,7.885714285714286
2006,MCO,2006-04-14,6.343839541547278
2006,MCO,2006-04-15,-1.275766016713092
2006,MCO,2006-04-16,-0.8271954674220963
2006,MCO,2006-04-17,5.495702005730659
2006,MCO,2006-04-18,2.2961876832844577
2006,MCO,2006-04-19,15.623188405797102
2006,MCO,2006-04-20,9.566473988439306
2006,MCO,2006-04-21,12.265129682997118
2006,MCO,2006-04-22,16.008498583569406
2006,MCO,2006-04-23,11.68945868945869
2006,MCO,2006-04-24,11.048991354466859
2006,MCO,2006-04-25,-1.7492447129909365
2006,MCO,2006-04-26,-0.2890855457227139
2006,MCO,2006-04-27,0.10787172011661808
2006,MCO,2006-04-28,8.0835734870317
2006,MCO,2006-04-29,8.322033898305085
2006,MCO,2006-04-30,3.425655976676385
2006,MCO,2006-05-01,1.0794117647058823
2006,MCO,2006-05-02,2.797507788161994
2006,MCO,2006-05-03,3.312121212121212
2006,MCO,2006-05-04,-1.552870090634441
2006,MCO,2006-05-05,3.390909090909091
2006,MCO,2006-05-06,3.5718475073313782
2006,MCO,2006-05-07,3.5602409638554215
2006,MCO,2006-05-08,7.157099697885196
2006,MCO,2006-05-09,9.30817610062893
2006,MCO,2006-05-10,9.033846153846154
2006,MCO,2006-05-11,19.95679012345679
2006,MCO,2006-05-12,3.5945121951219514
2006,MCO,2006-05-13,1.2644376899696048
2006,MCO,2006-05-14,8.613496932515337
2006,MCO,2006-05-15,14.913312693498453
2006,MCO,2006-05-16,1.860759493670886
2006,MCO,2006-05-17,-1.3707165109034267
2006,MCO,2006-05-18,0.9629629629629629
2006,MCO,2006-05-19,5.70404984423676
2006,MCO,2006-05-20,-2.5873493975903616
2006,MCO,2006-05-21,-1.2201834862385321
2006,MCO,2006-05-22,-2.6932515337423313
2006,MCO,2006-05-23,-3.9247648902821317
2006,MCO,2006-05-24,5.678018575851393
2006,MCO,2006-05-25,6.7907692307692304
2006,MCO,2006-05-26,24.557926829268293
2006,MCO,2006-05-27,-4.006042296072508
2006,MCO,2006-05-28,10.787974683544304
2006,MCO,2006-05-29,1.6884735202492211
2006,MCO,2006-05-30,-0.14860681114551083
2006,MCO,2006-05-31,5.726153846153847
2006,MCO,2006-06-01,14.385802469135802
2006,MCO,2006-06-02,15.194444444444445
2006,MCO,2006-06-03,6.474626865671642
2006,MCO,2006-06-04,3.0548780487804876
2006,MCO,2006-06-05,1.6257668711656441
2006,MCO,2006-06-06,-1.32398753894081
2006,MCO,2006-06-07,7.685015290519877
2006,MCO,2006-06-08,2.8271604938271606
2006,MCO,2006-06-09,11.01863354037267
2006,MCO,2006-06-10,0.4662576687116564
2006,MCO,2006-06-11,5.928125
2006,MCO,2006-06-12,13.95046439628483
2006,MCO,2006-06-13,2.8108974358974357
2006,MCO,2006-06-14,-2.015576323987539
2006,MCO,2006-06-15,0.033846153846153845
2006,MCO,2006-06-16,3.63302752293578
2006,MCO,2006-06-17,5.550769230769231
2006,MCO,2006-06-18,1.72
2006,MCO,2006-06-19,13.093457943925234
2006,MCO,2006-06-20,3.135646687697161
2006,MCO,2006-06-21,10.644859813084112
2006,MCO,2006-06-22,14.624223602484472
2006,MCO,2006-06-23,22.834890965732086
2006,MCO,2006-06-24,26.69325153374233
2006,MCO,2006-06-25,36.38993710691824
2006,MCO,2006-06-26,35.43034055727554
2006,MCO,2006-06-27,46.620253164556964
2006,MCO,2006-06-28,19.74375
2006,MCO,2006-06-29,10.021671826625386
2006,MCO,2006-06-30,4.960365853658536
2006,MCO,2006-07-01,2.607250755287009
2006,MCO,2006-07-02,20.469135802469136
2006,MCO,2006-07-03,0.9206349206349206
2006,MCO,2006-07-04,4.659163987138264
2006,MCO,2006-07-05,29.4984520123839
2006,MCO,2006-07-06,1.7720364741641337
2006,MCO,2006-07-07,14.99390243902439
2006,MCO,2006-07-08,-2.102719033232628
2006,MCO,2006-07-09,-1.5736196319018405
2006,MCO,2006-07-10,1.146341463414634
2006,MCO,2006-07-11,6.758730158730159
2006,MCO,2006-07-12,21.819875776397517
2006,MCO,2006-07-13,7.572307692307692
2006,MCO,2006-07-14,0.09146341463414634
2006,MCO,2006-07-15,6.387878787878788
2006,MCO,2006-07-16,-0.01524390243902439
2006,MCO,2006-07-17,31.406153846153845
2006,MCO,2006-07-18,6.715654952076678
2006,MCO,2006-07-19,10.214953271028037
2006,MCO,2006-07-20,24.295384615384616
2006,MCO,2006-07-21,37.956923076923076
2006,MCO,2006-07-22,26.98181818181818
2006,MCO,2006-07-23,21.042944785276074
2006,MCO,2006-07-24,6.236363636363636
2006,MCO,2006-07-25,-0.5825545171339563
2006,MCO,2006-07-26,9.762195121951219
2006,MCO,2006-07-27,22.06153846153846
2006,MCO,2006-07-28,24.333333333333332
2006,MCO,2006-07-29,6.614457831325301
2006,MCO,2006-07-30,3.683734939759036
2006,MCO,2006-07-31,6.604863221884498
2006,MCO,2006-08-01,0.38263665594855306
2006,MCO,2006-08-02,-0.6801242236024845
2006,MCO,2006-08-03,15.305810397553516
2006,MCO,2006-08-04,4.549079754601227
2006,MCO,2006-08-05,-2.4498480243161094
2006,MCO,2006-08-06,-2.278787878787879
2006,MCO,2006-08-07,10.245283018867925
2006,MCO,2006-08-08,-1.268370607028754
2006,MCO,2006-08-09,-2.2278481012658227
2006,MCO,2006-08-10,34.83174603174603
2006,MCO,2006-08-11,6.850467289719626
2006,MCO,2006-08-12,2.5046728971962615
2006,MCO,2006-08-13,6.340490797546012
2006,MCO,2006-08-14,4.592592592592593
2006,MCO,2006-08-15,-0.06774193548387097
2006,MCO,2006-08-16,-5.921875
2006,MCO,2006-08-17,2.6123076923076924
2006,MCO,2006-08-18,-1.3876923076923078
2006,MCO,2006-08-19,2.6904024767801857
2006,MCO,2006-08-20,2.5356037151702786
2006,MCO,2006-08-21,6.056426332288401
2006,MCO,2006-08-22,-1.2402597402597402
2006,MCO,2006-08-23,-1.8935483870967742
2006,MCO,2006-08-24,22.67610062893082
2006,MCO,2006-08-25,23.214511041009462
2006,MCO,2006-08-26,9.323809523809524
2006,MCO,2006-08-27,7.122641509433962
2006,MCO,2006-08-28,5.661341853035144
2006,MCO,2006-08-29,8.668941979522184
2006,MCO,2006-08-30,0.8310502283105022
2006,MCO,2006-08-31,5.280757097791798
2006,MCO,2006-09-01,32.723270440251575
2006,MCO,2006-09-02,13.656957928802589
2006,MCO,2006-09-03,-2.675767918088737
2006,MCO,2006-09-04,-6.009677419354839
2006,MCO,2006-09-05,8.673267326732674
2006,MCO,2006-09-06,-1.2473867595818815
2006,MCO,2006-09-07,15.45945945945946
2006,MCO,2006-09-08,-1.7953020134228188
2006,MCO,2006-09-09,4.947019867549669
2006,MCO,2006-09-10,10.672240802675585
2006,MCO,2006-09-11,9.187713310580206
2006,MCO,2006-09-12,1.792857142857143
2006,MCO,2006-09-13,8.613475177304965
2006,MCO,2006-09-14,10.464646464646465
2006,MCO,2006-09-15,18.606060606060606
2006,MCO,2006-09-16,0.46464646464646464
2006,MCO,2006-09-17,6.28956228956229
2006,MCO,2006-09-18,4.104026845637584
2006,MCO,2006-09-19,9.78136200716846
2006,MCO,2006-09-20,0.6842105263157895
2006,MCO,2006-09-21,-1.1979865771812082
2006,MCO,2006-09-22,8.82943143812709
2006,MCO,2006-09-23,7.9324324324324325
2006,MCO,2006-09-24,7.531986531986532
2006,MCO,2006-09-25,-4.305084745762712
2006,MCO,2006-09-26,1.5357142857142858
2006,MCO,2006-09-27,-2.4574468085106385
2006,MCO,2006-09-28,6.6
2006,MCO,2006-09-29,-0.053156146179401995
2006,MCO,2006-09-30,-2.5548172757475083
2006,MCO,2006-10-01,4.344262295081967
2006,MCO,2006-10-02,0.8489932885906041
2006,MCO,2006-10-03,-2.8181818181818183
2006,MCO,2006-10-04,5.216949152542373
2006,MCO,2006-10-05,-0.2948717948717949
2006,MCO,2006-10-06,14.929712460063898
2006,MCO,2006-10-07,3.9
2006,MCO,2006-10-08,0.22468354430379747
2006,MCO,2006-10-09,1.8461538461538463
2006,MCO,2006-10-10,4.863333333333333
2006,MCO,2006-10-11,13.009933774834437
2006,MCO,2006-10-12,24.6
2006,MCO,2006-10-13,5.751612903225807
2006,MCO,2006-10-14,12.103225806451613
2006,MCO,2006-10-15,6.242902208201893
2006,MCO,2006-10-16,10.32258064516129
2006,MCO,2006-10-17,14.393333333333333
2006,MCO,2006-10-18,8.82392026578073
2006,MCO,2006-10-19,12.877022653721683
2006,MCO,2006-10-20,21.387301587301586
2006,MCO,2006-10-21,-0.003236245954692557
2006,MCO,2006-10-22,5.120253164556962
2006,MCO,2006-10-23,6.723472668810289
2006,MCO,2006-10-24,5.354515050167224
2006,MCO,2006-10-25,6.013201320132013
2006,MCO,2006-10-26,9.548076923076923
2006,MCO,2006-10-27,14.684713375796179
2006,MCO,2006-10-28,18.846905537459282
2006,MCO,2006-10-29,6.267741935483871
2006,MCO,2006-10-30,-0.3215434083601286
2006,MCO,2006-10-31,-6.262626262626263
2006,MCO,2006-11-01,-1.5765472312703583
2006,MCO,2006-11-02,1.0897435897435896
2006,MCO,2006-11-03,-1.4554140127388535
2006,MCO,2006-11-04,-0.6881028938906752
2006,MCO,2006-11-05,0.5318471337579618
2006,MCO,2006-11-06,-3.1054313099041533
2006,MCO,2006-11-07,12.897689768976898
2006,MCO,2006-11-08,13.179487179487179
2006,MCO,2006-11-09,0.056782334384858045
2006,MCO,2006-11-10,-2.7468354430379747
2006,MCO,2006-11-11,0.3194888178913738
2006,MCO,2006-11-12,19.07547169811321
2006,MCO,2006-11-13,18.337539432176655
2006,MCO,2006-11-14,6.00655737704918
2006,MCO,2006-11-15,15.657051282051283
2006,MCO,2006-11-16,25.333333333333332
2006,MCO,2006-11-17,1.3819875776397517
2006,MCO,2006-11-18,-2.677115987460815
2006,MCO,2006-11-19,-5.214511041009464
2006,MCO,2006-11-20,-3.797507788161994
2006,MCO,2006-11-21,2.0833333333333335
2006,MCO,2006-11-22,11.941896024464832
2006,MCO,2006-11-23,0.2656826568265683
2006,MCO,2006-11-24,-7.104575163398692
2006,MCO,2006-11-25,-6.457575757575758
2006,MCO,2006-11-26,12.203030303030303
2006,MCO,2006-11-27,6.371517027863777
2006,MCO,2006-11-28,5.015673981191223
2006,MCO,2006-11-29,7.214057507987221
2006,MCO,2006-11-30,7.909967845659164
2006,MCO,2006-12-01,32.0472972972973
2006,MCO,2006-12-02,-0.8478964401294499
2006,MCO,2006-12-03,-5.640378548895899
2006,MCO,2006-12-04,-0.7899686520376176
2006,MCO,2006-12-05,-1.1650485436893203
2006,MCO,2006-12-06,1.3774193548387097
2006,MCO,2006-12-07,5.160883280757098
2006,MCO,2006-12-08,9.446540880503145
2006,MCO,2006-12-09,-0.7724358974358975
2006,MCO,2006-12-10,-1.1324921135646688
2006,MCO,2006-12-11,4.188679245283019
2006,MCO,2006-12-12,-1.7249190938511327
2006,MCO,2006-12-13,8.617363344051446
2006,MCO,2006-12-14,18.52980132450331
2006,MCO,2006-12-15,13.594427244582043
2006,MCO,2006-12-16,1.2267080745341614
2006,MCO,2006-12-17,1.303125
2006,MCO,2006-12-18,-3.7933130699088147
2006,MCO,2006-12-19,0.7675840978593272
2006,MCO,2006-12-20,5.6109422492401215
2006,MCO,2006-12-21,8.930091185410335
2006,MCO,2006-12-22,22.3855421686747
2006,MCO,2006-12-23,12.053731343283582
2006,MCO,2006-12-24,-3.1818181818181817
2006,MCO,2006-12-25,3.490506329113924
2006,MCO,2006-12-26,21.767164179104476
2006,MCO,2006-12-27,8.25294117647059
2006,MCO,2006-12-28,2.5118343195266273
2006,MCO,2006-12-29,1.0151057401812689
2006,MCO,2006-12-30,10.653731343283582
2006,MCO,2006-12-31,2.759259259259259
2006,MIA,2006-01-01,8.179487179487179
2006,MIA,2006-01-02,31.860103626943005
2006,MIA,2006-01-03,29.125
2006,MIA,2006-01-04,8.994708994708995
2006,MIA,2006-01-05,5.973404255319149
2006,MIA,2006-01-06,3.2578947368421054
2006,MIA,2006-01-07,6.989473684210527
2006,MIA,2006-01-08,6.851282051282051
2006,MIA,2006-01-09,3.1736842105263157
2006,MIA,2006-01-10,-4.347593582887701
2006,MIA,2006-01-11,6.686486486486486
2006,MIA,2006-01-12,7.205263157894737
2006,MIA,2006-01-13,26.58730158730159
2006,MIA,2006-01-14,23.650793650793652
2006,MIA,2006-01-15,27.40414507772021
2006,MIA,2006-01-16,8.089473684210526
2006,MIA,2006-01-17,9.0
2006,MIA,2006-01-18,7.793478260869565
2006,MIA,2006-01-19,-1.5026455026455026
2006,MIA,2006-01-20,2.8823529411764706
2006,MIA,2006-01-21,-0.6822916666666666
2006,MIA,2006-01-22,13.606217616580311
2006,MIA,2006-01-23,16.621052631578948
2006,MIA,2006-01-24,-3.556149732620321
2006,MIA,2006-01-25,-0.9351351351351351
2006,MIA,2006-01-26,0.9047619047619048
2006,MIA,2006-01-27,4.204188481675392
2006,MIA,2006-01-28,3.3802083333333335
2006,MIA,2006-01-29,9.18041237113402
2006,MIA,2006-01-30,7.444444444444445
2006,MIA,2006-01-31,8.675531914893616
2006,MIA,2006-02-01,-3.5053763440860215
2006,MIA,2006-02-02,-0.14736842105263157
2006,MIA,2006-02-03,8.441489361702128
2006,MIA,2006-02-04,35.391752577319586
2006,MIA,2006-02-05,7.119170984455959
2006,MIA,2006-02-06,6.447368421052632
2006,MIA,2006-02-07,-6.605405405405405
2006,MIA,2006-02-08,1.4680851063829787
2006,MIA,2006-02-09,4.264550264550264
2006,MIA,2006-02-10,5.984126984126984
2006,MIA,2006-02-11,4.952941176470588
2006,MIA,2006-02-12,4.084967320261438
2006,MIA,2006-02-13,6.904761904761905
2006,MIA,2006-02-14,4.287234042553192
2006,MIA,2006-02-15,1.693121693121693
2006,MIA,2006-02-16,16.83068783068783
2006,MIA,2006-02-17,25.255208333333332
2006,MIA,2006-02-18,19.95959595959596
2006,MIA,2006-02-19,18.081632653061224
2006,MIA,2006-02-20,12.469072164948454
2006,MIA,2006-02-21,11.098958333333334
2006,MIA,2006-02-22,9.793650793650794
2006,MIA,2006-02-23,9.896907216494846
2006,MIA,2006-02-24,16.804123711340207
2006,MIA,2006-02-25,8.827586206896552
2006,MIA,2006-02-26,13.8989898989899
2006,MIA,2006-02-27,11.825641025641026
2006,MIA,2006-02-28,0.41968911917098445
2006,MIA,2006-03-01,0.9010416666666666
2006,MIA,2006-03-02,11.322916666666666
2006,MIA,2006-03-03,5.912820512820513
2006,MIA,2006-03-04,3.3645320197044337
2006,MIA,2006-03-05,7.4120603015075375
2006,MIA,2006-03-06,3.1076923076923078
2006,MIA,2006-03-07,14.720207253886011
2006,MIA,2006-03-08,1.0261780104712042
2006,MIA,2006-03-09,10.75257731958763
2006,MIA,2006-03-10,11.81958762886598
2006,MIA,2006-03-11,10.251231527093596
2006,MIA,2006-03-12,11.688775510204081
2006,MIA,2006-03-13,19.077319587628867
2006,MIA,2006-03-14,5.035897435897436
2006,MIA,2006-03-15,8.621761658031089
2006,MIA,2006-03-16,7.492307692307692
2006,MIA,2006-03-17,5.5948717948717945
2006,MIA,2006-03-18,10.89655172413793
2006,MIA,2006-03-19,13.045226130653266
2006,MIA,2006-03-20,11.476923076923077
2006,MIA,2006-03-21,2.6
2006,MIA,2006-03-22,-2.235897435897436
2006,MIA,2006-03-23,67.19791666666667
2006,MIA,2006-03-24,12.912371134020619
2006,MIA,2006-03-25,0.7142857142857143
2006,MIA,2006-03-26,3.24
2006,MIA,2006-03-27,2.9743589743589745
2006,MIA,2006-03-28,9.02051282051282
2006,MIA,2006-03-29,4.661538461538462
2006,MIA,2006-03-30,0.5309278350515464
2006,MIA,2006-03-31,5.046153846153846
2006,MIA,2006-04-01,8.252475247524753
2006,MIA,2006-04-02,7.537313432835821
2006,MIA,2006-04-03,13.957219251336898
2006,MIA,2006-04-04,8.186170212765957
2006,MIA,2006-04-05,12.333333333333334
2006,MIA,2006-04-06,13.643617021276595
2006,MIA,2006-04-07,15.62962962962963
2006,MIA,2006-04-08,8.751269035532994
2006,MIA,2006-04-09,10.515625
2006,MIA,2006-04-10,5.310526315789474
2006,MIA,2006-04-11,10.647058823529411
2006,MIA,2006-04-12,2.094736842105263
2006,MIA,2006-04-13,8.941489361702128
2006,MIA,2006-04-14,0.5502645502645502
2006,MIA,2006-04-15,0.08542713567839195
2006,MIA,2006-04-16,4.155440414507772
2006,MIA,2006-04-17,9.052631578947368
2006,MIA,2006-04-18,3.6666666666666665
2006,MIA,2006-04-19,9.219251336898395
2006,MIA,2006-04-20,11.16842105263158
2006,MIA,2006-04-21,14.222222222222221
2006,MIA,2006-04-22,12.04040404040404
2006,MIA,2006-04-23,15.010416666666666
2006,MIA,2006-04-24,10.094736842105263
2006,MIA,2006-04-25,1.5614973262032086
2006,MIA,2006-04-26,2.1016042780748663
2006,MIA,2006-04-27,2.8404255319148937
2006,MIA,2006-04-28,9.026315789473685
2006,MIA,2006-04-29,9.949238578680204
2006,MIA,2006-04-30,12.8860103626943
2006,MIA,2006-05-01,4.292553191489362
2006,MIA,2006-05-02,8.983516483516484
2006,MIA,2006-05-03,3.9281767955801103
2006,MIA,2006-05-04,4.783783783783784
2006,MIA,2006-05-05,4.758064516129032
2006,MIA,2006-05-06,2.357894736842105
2006,MIA,2006-05-07,10.054054054054054
2006,MIA,2006-05-08,6.950819672131147
2006,MIA,2006-05-09,10.932584269662922
2006,MIA,2006-05-10,16.40909090909091
2006,MIA,2006-05-11,19.412087912087912
2006,MIA,2006-05-12,12.770491803278688
2006,MIA,2006-05-13,-1.8770053475935828
2006,MIA,2006-05-14,16.756756756756758
2006,MIA,2006-05-15,65.60365853658537
2006,MIA,2006-05-16,15.977142857142857
2006,MIA,2006-05-17,1.8555555555555556
2006,MIA,2006-05-18,4.306010928961749
2006,MIA,2006-05-19,7.21978021978022
2006,MIA,2006-05-20,1.0962566844919786
2006,MIA,2006-05-21,5.440217391304348
2006,MIA,2006-05-22,-1.4475138121546962
2006,MIA,2006-05-23,-2.45
2006,MIA,2006-05-24,6.01123595505618
2006,MIA,2006-05-25,16.168539325842698
2006,MIA,2006-05-26,33.016666666666666
2006,MIA,2006-05-27,3.07103825136612
2006,MIA,2006-05-28,1.430939226519337
2006,MIA,2006-05-29,7.84393063583815
2006,MIA,2006-05-30,5.727777777777778
2006,MIA,2006-05-31,7.292817679558011
2006,MIA,2006-06-01,22.065934065934066
2006,MIA,2006-06-02,12.46927374301676
2006,MIA,2006-06-03,6.5027027027027025
2006,MIA,2006-06-04,32.637362637362635
2006,MIA,2006-06-05,10.9
2006,MIA,2006-06-06,2.5542857142857143
2006,MIA,2006-06-07,13.244318181818182
2006,MIA,2006-06-08,5.055865921787709
2006,MIA,2006-06-09,15.106741573033707
2006,MIA,2006-06-10,4.329670329670329
2006,MIA,2006-06-11,4.7555555555555555
2006,MIA,2006-06-12,2.095505617977528
2006,MIA,2006-06-13,0.21468926553672316
2006,MIA,2006-06-14,2.1333333333333333
2006,MIA,2006-06-15,6.7555555555555555
2006,MIA,2006-06-16,7.378531073446328
2006,MIA,2006-06-17,11.53631284916201
2006,MIA,2006-06-18,8.738888888888889
2006,MIA,2006-06-19,13.280898876404494
2006,MIA,2006-06-20,3.53072625698324
2006,MIA,2006-06-21,13.445714285714285
2006,MIA,2006-06-22,14.47953216374269
2006,MIA,2006-06-23,20.46067415730337
2006,MIA,2006-06-24,33.5688622754491
2006,MIA,2006-06-25,33.21348314606742
2006,MIA,2006-06-26,27.723756906077348
2006,MIA,2006-06-27,65.93333333333334
2006,MIA,2006-06-28,22.7
2006,MIA,2006-06-29,18.76243093922652
2006,MIA,2006-06-30,11.430939226519337
2006,MIA,2006-07-01,2.114130434782609
2006,MIA,2006-07-02,15.607954545454545
2006,MIA,2006-07-03,5.965714285714285
2006,MIA,2006-07-04,14.102857142857143
2006,MIA,2006-07-05,35.55
2006,MIA,2006-07-06,12.022099447513812
2006,MIA,2006-07-07,6.784090909090909
2006,MIA,2006-07-08,7.612021857923497
2006,MIA,2006-07-09,6.441988950276243
2006,MIA,2006-07-10,5.363128491620111
2006,MIA,2006-07-11,21.876404494382022
2006,MIA,2006-07-12,21.079545454545453
2006,MIA,2006-07-13,4.611428571428571
2006,MIA,2006-07-14,4.320224719101123
2006,MIA,2006-07-15,8.19672131147541
2006,MIA,2006-07-16,0.5
2006,MIA,2006-07-17,13.196629213483146
2006,MIA,2006-07-18,8.988304093567251
2006,MIA,2006-07-19,8.183333333333334
2006,MIA,2006-07-20,24.573033707865168
2006,MIA,2006-07-21,59.666666666666664
2006,MIA,2006-07-22,37.983050847457626
2006,MIA,2006-07-23,9.132596685082873
2006,MIA,2006-07-24,-0.4530386740331492
2006,MIA,2006-07-25,4.898305084745763
2006,MIA,2006-07-26,9.101694915254237
2006,MIA,2006-07-27,24.10734463276836
2006,MIA,2006-07-28,33.07954545454545
2006,MIA,2006-07-29,11.01086956521739
2006,MIA,2006-07-30,19.67222222222222
2006,MIA,2006-07-31,9.00561797752809
2006,MIA,2006-08-01,2.471590909090909
2006,MIA,2006-08-02,4.9602272727272725
2006,MIA,2006-08-03,9.876404494382022
2006,MIA,2006-08-04,6.84180790960452
2006,MIA,2006-08-05,4.734806629834254
2006,MIA,2006-08-06,7.35
2006,MIA,2006-08-07,8.559322033898304
2006,MIA,2006-08-08,24.412790697674417
2006,MIA,2006-08-09,2.7314285714285713
2006,MIA,2006-08-10,30.637426900584796
2006,MIA,2006-08-11,18.7816091954023
2006,MIA,2006-08-12,9.3646408839779
2006,MIA,2006-08-13,17.825842696629213
2006,MIA,2006-08-14,29.97714285714286
2006,MIA,2006-08-15,9.086705202312139
2006,MIA,2006-08-16,0.034482758620689655
2006,MIA,2006-08-17,1.6101694915254237
2006,MIA,2006-08-18,4.338983050847458
2006,MIA,2006-08-19,7.312849162011173
2006,MIA,2006-08-20,14.513966480446927
2006,MIA,2006-08-21,12.284090909090908
2006,MIA,2006-08-22,4.880681818181818
2006,MIA,2006-08-23,4.1
2006,MIA,2006-08-24,28.528735632183906
2006,MIA,2006-08-25,21.39887640449438
2006,MIA,2006-08-26,21.977653631284916
2006,MIA,2006-08-27,11.378531073446327
2006,MIA,2006-08-28,16.376470588235293
2006,MIA,2006-08-29,12.070175438596491
2006,MIA,2006-08-30,13.76923076923077
2006,MIA,2006-08-31,12.040697674418604
2006,MIA,2006-09-01,31.36842105263158
2006,MIA,2006-09-02,42.11494252873563
2006,MIA,2006-09-03,14.776470588235295
2006,MIA,2006-09-04,8.875706214689265
2006,MIA,2006-09-05,28.377906976744185
2006,MIA,2006-09-06,39.294117647058826
2006,MIA,2006-09-07,10.175757575757576
2006,MIA,2006-09-08,8.699386503067485
2006,MIA,2006-09-09,0.7454545454545455
2006,MIA,2006-09-10,15.644578313253012
2006,MIA,2006-09-11,21.65
2006,MIA,2006-09-12,12.161290322580646
2006,MIA,2006-09-13,6.878205128205129
2006,MIA,2006-09-14,12.810975609756097
2006,MIA,2006-09-15,22.74390243902439
2006,MIA,2006-09-16,24.24375
2006,MIA,2006-09-17,12.547619047619047
2006,MIA,2006-09-18,12.570552147239264
2006,MIA,2006-09-19,19.197452229299362
2006,MIA,2006-09-20,3.1
2006,MIA,2006-09-21,5.593939393939394
2006,MIA,2006-09-22,12.542682926829269
2006,MIA,2006-09-23,8.770700636942674
2006,MIA,2006-09-24,18.99397590361446
2006,MIA,2006-09-25,-3.2883435582822087
2006,MIA,2006-09-26,-0.8089171974522293
2006,MIA,2006-09-27,-0.2981366459627329
2006,MIA,2006-09-28,5.353658536585366
2006,MIA,2006-09-29,3.4036144578313254
2006,MIA,2006-09-30,-1.312883435582822
2006,MIA,2006-10-01,2.8922155688622753
2006,MIA,2006-10-02,4.5246913580246915
2006,MIA,2006-10-03,1.3291139240506329
2006,MIA,2006-10-04,7.716981132075472
2006,MIA,2006-10-05,3.290909090909091
2006,MIA,2006-10-06,21.198795180722893
2006,MIA,2006-10-07,1.3109756097560976
2006,MIA,2006-10-08,5.951807228915663
2006,MIA,2006-10-09,1.1393939393939394
2006,MIA,2006-10-10,7.128205128205129
2006,MIA,2006-10-11,13.082278481012658
2006,MIA,2006-10-12,21.42331288343558
2006,MIA,2006-10-13,10.151515151515152
2006,MIA,2006-10-14,4.8121212121212125
2006,MIA,2006-10-15,9.654761904761905
2006,MIA,2006-10-16,15.067484662576687
2006,MIA,2006-10-17,17.737179487179485
2006,MIA,2006-10-18,3.546583850931677
2006,MIA,2006-10-19,11.909638554216867
2006,MIA,2006-10-20,26.335365853658537
2006,MIA,2006-10-21,0.5481927710843374
2006,MIA,2006-10-22,5.461077844311378
2006,MIA,2006-10-23,6.242424242424242
2006,MIA,2006-10-24,10.80503144654088
2006,MIA,2006-10-25,10.25625
2006,MIA,2006-10-26,12.26086956521739
2006,MIA,2006-10-27,24.86144578313253
2006,MIA,2006-10-28,20.73939393939394
2006,MIA,2006-10-29,11.205882352941176
2006,MIA,2006-10-30,3.164705882352941
2006,MIA,2006-10-31,-3.503030303030303
2006,MIA,2006-11-01,-0.9636363636363636
2006,MIA,2006-11-02,5.5
2006,MIA,2006-11-03,2.4411764705882355
2006,MIA,2006-11-04,-0.8604651162790697
2006,MIA,2006-11-05,-0.7
2006,MIA,2006-11-06,3.3491124260355027
2006,MIA,2006-11-07,0.6060606060606061
2006,MIA,2006-11-08,21.783132530120483
2006,MIA,2006-11-09,1.644578313253012
2006,MIA,2006-11-10,-0.5301204819277109
2006,MIA,2006-11-11,2.791907514450867
2006,MIA,2006-11-12,14.30232558139535
2006,MIA,2006-11-13,29.869822485207102
2006,MIA,2006-11-14,-0.04216867469879518
2006,MIA,2006-11-15,16.975757575757576
2006,MIA,2006-11-16,28.006172839506174
2006,MIA,2006-11-17,7.201183431952662
2006,MIA,2006-11-18,-2.134502923976608
2006,MIA,2006-11-19,-2.6588235294117646
2006,MIA,2006-11-20,-5.0
2006,MIA,2006-11-21,0.8869047619047619
2006,MIA,2006-11-22,14.464285714285714
2006,MIA,2006-11-23,-0.9548387096774194
2006,MIA,2006-11-24,-7.418181818181818
2006,MIA,2006-11-25,-3.6300578034682083
2006,MIA,2006-11-26,11.372093023255815
2006,MIA,2006-11-27,5.446428571428571
2006,MIA,2006-11-28,8.1437125748503
2006,MIA,2006-11-29,9.866666666666667
2006,MIA,2006-11-30,10.801242236024844
2006,MIA,2006-12-01,14.167701863354038
2006,MIA,2006-12-02,7.325443786982248
2006,MIA,2006-12-03,2.9523809523809526
2006,MIA,2006-12-04,7.149700598802395
2006,MIA,2006-12-05,3.7
2006,MIA,2006-12-06,1.725609756097561
2006,MIA,2006-12-07,7.379518072289157
2006,MIA,2006-12-08,13.976331360946746
2006,MIA,2006-12-09,1.9171597633136095
2006,MIA,2006-12-10,1.6764705882352942
2006,MIA,2006-12-11,1.0535714285714286
2006,MIA,2006-12-12,2.1552795031055902
2006,MIA,2006-12-13,20.266666666666666
2006,MIA,2006-12-14,31.609467455621303
2006,MIA,2006-12-15,12.899441340782124
2006,MIA,2006-12-16,6.231182795698925
2006,MIA,2006-12-17,5.06043956043956
2006,MIA,2006-12-18,3.50561797752809
2006,MIA,2006-12-19,2.8222222222222224
2006,MIA,2006-12-20,12.25414364640884
2006,MIA,2006-12-21,17.227272727272727
2006,MIA,2006-12-22,25.608695652173914
2006,MIA,2006-12-23,21.675531914893618
2006,MIA,2006-12-24,7.655737704918033
2006,MIA,2006-12-25,2.5714285714285716
2006,MIA,2006-12-26,18.344444444444445
2006,MIA,2006-12-27,6.956521739130435
2006,MIA,2006-12-28,1.945054945054945
2006,MIA,2006-12-29,3.0395480225988702
2006,MIA,2006-12-30,22.30851063829787
2006,MIA,2006-12-31,10.59016393442623
2007,MCO,2007-01-01,12.443768996960486
2007,MCO,2007-01-02,8.468842729970326
2007,MCO,2007-01-03,9.421686746987952
2007,MCO,2007-01-04,2.1656626506024095
2007,MCO,2007-01-05,19.16816816816817
2007,MCO,2007-01-06,5.433333333333334
2007,MCO,2007-01-07,-0.5596330275229358
2007,MCO,2007-01-08,2.9879518072289155
2007,MCO,2007-01-09,3.467289719626168
2007,MCO,2007-01-10,-2.3364197530864197
2007,MCO,2007-01-11,2.343283582089552
2007,MCO,2007-01-12,1.7228915662650603
2007,MCO,2007-01-13,0.4447852760736196
2007,MCO,2007-01-14,5.990825688073395
2007,MCO,2007-01-15,14.092814371257486
2007,MCO,2007-01-16,1.5962732919254659
2007,MCO,2007-01-17,5.853125
2007,MCO,2007-01-18,14.542424242424243
2007,MCO,2007-01-19,8.015015015015015
2007,MCO,2007-01-20,-0.3463855421686747
2007,MCO,2007-01-21,6.3932926829268295
2007,MCO,2007-01-22,8.59451219512195
2007,MCO,2007-01-23,-1.3354037267080745
2007,MCO,2007-01-24,-4.547987616099071
2007,MCO,2007-01-25,2.7771084337349397
2007,MCO,2007-01-26,3.1137724550898205
2007,MCO,2007-01-27,-2.3283132530120483
2007,MCO,2007-01-28,5.165165165165165
2007,MCO,2007-01-29,4.63855421686747
2007,MCO,2007-01-30,0.3198757763975155
2007,MCO,2007-01-31,3.44
2007,MCO,2007-02-01,13.058103975535168
2007,MCO,2007-02-02,9.755223880597015
2007,MCO,2007-02-03,10.803625377643504
2007,MCO,2007-02-04,3.68562874251497
2007,MCO,2007-02-05,9.907462686567165
2007,MCO,2007-02-06,5.428571428571429
2007,MCO,2007-02-07,-0.054878048780487805
2007,MCO,2007-02-08,3.7738095238095237
2007,MCO,2007-02-09,4.618343195266272
2007,MCO,2007-02-10,-0.5208333333333334
2007,MCO,2007-02-11,-1.2100591715976332
2007,MCO,2007-02-12,1.8694362017804154
2007,MCO,2007-02-13,19.44
2007,MCO,2007-02-14,39.42696629213483
2007,MCO,2007-02-15,54.182890855457224
2007,MCO,2007-02-16,25.03170028818444
2007,MCO,2007-02-17,14.610169491525424
2007,MCO,2007-02-18,12.418079096045197
2007,MCO,2007-02-19,10.546478873239437
2007,MCO,2007-02-20,4.510028653295129
2007,MCO,2007-02-21,10.451428571428572
2007,MCO,2007-02-22,12.585434173669467
2007,MCO,2007-02-23,11.997191011235955
2007,MCO,2007-02-24,9.065088757396449
2007,MCO,2007-02-25,27.29483282674772
2007,MCO,2007-02-26,18.257062146892654
2007,MCO,2007-02-27,4.939481268011527
2007,MCO,2007-02-28,4.559659090909091
2007,MCO,2007-03-01,21.245014245014247
2007,MCO,2007-03-02,25.389830508474578
2007,MCO,2007-03-03,15.185915492957747
2007,MCO,2007-03-04,5.960893854748603
2007,MCO,2007-03-05,9.03641456582633
2007,MCO,2007-03-06,5.68361581920904
2007,MCO,2007-03-07,19.84180790960452
2007,MCO,2007-03-08,5.089136490250697
2007,MCO,2007-03-09,3.0
2007,MCO,2007-03-10,11.836158192090396
2007,MCO,2007-03-11,8.119891008174386
2007,MCO,2007-03-12,7.082417582417582
2007,MCO,2007-03-13,1.9915730337078652
2007,MCO,2007-03-14,-1.719887955182073
2007,MCO,2007-03-15,10.32409972299169
2007,MCO,2007-03-16,16.09811320754717
2007,MCO,2007-03-17,47.21176470588235
2007,MCO,2007-03-18,27.53972602739726
2007,MCO,2007-03-19,10.782967032967033
2007,MCO,2007-03-20,1.0361111111111112
2007,MCO,2007-03-21,2.4674220963172804
2007,MCO,2007-03-22,22.37465564738292
2007,MCO,2007-03-23,8.719780219780219
2007,MCO,2007-03-24,4.344444444444444
2007,MCO,2007-03-25,0.6493150684931507
2007,MCO,2007-03-26,2.292817679558011
2007,MCO,2007-03-27,-1.3628808864265929
2007,MCO,2007-03-28,5.446280991735537
2007,MCO,2007-03-29,12.193905817174516
2007,MCO,2007-03-30,13.75208913649025
2007,MCO,2007-03-31,4.201657458563536
2007,MCO,2007-04-01,1.1630434782608696
2007,MCO,2007-04-02,3.8044077134986227
2007,MCO,2007-04-03,5.323033707865169
2007,MCO,2007-04-04,17.693150684931506
2007,MCO,2007-04-05,7.945205479452055
2007,MCO,2007-04-06,3.6059782608695654
2007,MCO,2007-04-07,1.0765027322404372
2007,MCO,2007-04-08,1.4552845528455285
2007,MCO,2007-04-09,1.8241758241758241
2007,MCO,2007-04-10,0.3601108033240997
2007,MCO,2007-04-11,16.18941504178273
2007,MCO,2007-04-12,26.447222222222223
2007,MCO,2007-04-13,6.2650273224043715
2007,MCO,2007-04-14,0.260989010989011
2007,MCO,2007-04-15,36.96056338028169
2007,MCO,2007-04-16,30.76536312849162
2007,MCO,2007-04-17,13.782485875706215
2007,MCO,2007-04-18,5.220670391061453
2007,MCO,2007-04-19,4.03021978021978
2007,MCO,2007-04-20,6.317934782608695
2007,MCO,2007-04-21,1.9381720430107527
2007,MCO,2007-04-22,-1.5698924731182795
2007,MCO,2007-04-23,1.8088642659279779
2007,MCO,2007-04-24,1.320916905444126
2007,MCO,2007-04-25,-1.4873239436619718
2007,MCO,2007-04-26,3.758904109589041
2007,MCO,2007-04-27,17.70054945054945
2007,MCO,2007-04-28,1.8702702702702703
2007,MCO,2007-04-29,1.7669376693766938
2007,MCO,2007-04-30,0.4143646408839779
2007,MCO,2007-05-01,-3.6120689655172415
2007,MCO,2007-05-02,4.4586894586894585
2007,MCO,2007-05-03,-0.8186968838526912
2007,MCO,2007-05-04,0.0784313725490196
2007,MCO,2007-05-05,1.0169014084507042
2007,MCO,2007-05-06,28.264623955431755
2007,MCO,2007-05-07,8.473239436619718
2007,MCO,2007-05-08,-0.05475504322766571
2007,MCO,2007-05-09,3.8158640226628897
2007,MCO,2007-05-10,12.441011235955056
2007,MCO,2007-05-11,6.0397727272727275
2007,MCO,2007-05-12,-1.7002801120448179
2007,MCO,2007-05-13,3.175
2007,MCO,2007-05-14,6.5
2007,MCO,2007-05-15,7.658892128279883
2007,MCO,2007-05-16,22.925714285714285
2007,MCO,2007-05-17,6.515492957746479
2007,MCO,2007-05-18,8.977591036414566
2007,MCO,2007-05-19,-2.1288515406162465
2007,MCO,2007-05-20,2.634349030470914
2007,MCO,2007-05-21,0.32303370786516855
2007,MCO,2007-05-22,6.579250720461095
2007,MCO,2007-05-23,5.743589743589744
2007,MCO,2007-05-24,7.570224719101123
2007,MCO,2007-05-25,3.2896935933147633
2007,MCO,2007-05-26,5.002816901408451
2007,MCO,2007-05-27,-0.9304347826086956
2007,MCO,2007-05-28,-3.1522988505747125
2007,MCO,2007-05-29,-1.2159090909090908
2007,MCO,2007-05-30,2.2492836676217767
2007,MCO,2007-05-31,0.0647887323943662
2007,MCO,2007-06-01,8.72191011235955
2007,MCO,2007-06-02,2.4676056338028167
2007,MCO,2007-06-03,10.182825484764543
2007,MCO,2007-06-04,10.785915492957747
2007,MCO,2007-06-05,7.813218390804598
2007,MCO,2007-06-06,20.846153846153847
2007,MCO,2007-06-07,3.4055555555555554
2007,MCO,2007-06-08,33.46760563380282
2007,MCO,2007-06-09,8.434426229508198
2007,MCO,2007-06-10,24.397260273972602
2007,MCO,2007-06-11,32.472527472527474
2007,MCO,2007-06-12,39.12903225806452
2007,MCO,2007-06-13,34.92877492877493
2007,MCO,2007-06-14,16.380555555555556
2007,MCO,2007-06-15,6.863013698630137
2007,MCO,2007-06-16,12.018817204301076
2007,MCO,2007-06-17,8.146341463414634
2007,MCO,2007-06-18,7.6219178082191785
2007,MCO,2007-06-19,27.52112676056338
2007,MCO,2007-06-20,10.382271468144044
2007,MCO,2007-06-21,8.793956043956044
2007,MCO,2007-06-22,9.958563535911603
2007,MCO,2007-06-23,-2.307486631016043
2007,MCO,2007-06-24,-0.24119241192411925
2007,MCO,2007-06-25,39.43922651933702
2007,MCO,2007-06-26,10.965714285714286
2007,MCO,2007-06-27,31.705202312138727
2007,MCO,2007-06-28,37.64367816091954
2007,MCO,2007-06-29,19.879781420765028
2007,MCO,2007-06-30,6.581769436997319
2007,MCO,2007-07-01,31.45528455284553
2007,MCO,2007-07-02,6.2953929539295395
2007,MCO,2007-07-03,12.275766016713092
2007,MCO,2007-07-04,0.3323615160349854
2007,MCO,2007-07-05,6.022284122562674
2007,MCO,2007-07-06,12.5
2007,MCO,2007-07-07,3.1496062992125986
2007,MCO,2007-07-08,4.131367292225201
2007,MCO,2007-07-09,5.226775956284153
2007,MCO,2007-07-10,46.60511363636363
2007,MCO,2007-07-11,27.632152588555858
2007,MCO,2007-07-12,19.883468834688347
2007,MCO,2007-07-13,12.580645161290322
2007,MCO,2007-07-14,46.57029177718833
2007,MCO,2007-07-15,16.17287234042553
2007,MCO,2007-07-16,8.783783783783784
2007,MCO,2007-07-17,12.027397260273972
2007,MCO,2007-07-18,28.673076923076923
2007,MCO,2007-07-19,46.86149584487535
2007,MCO,2007-07-20,9.884718498659517
2007,MCO,2007-07-21,11.955729166666666
2007,MCO,2007-07-22,12.82849604221636
2007,MCO,2007-07-23,16.85326086956522
2007,MCO,2007-07-24,4.125340599455041
2007,MCO,2007-07-25,0.6891891891891891
2007,MCO,2007-07-26,17.57103825136612
2007,MCO,2007-07-27,23.447154471544714
2007,MCO,2007-07-28,32.742705570291776
2007,MCO,2007-07-29,44.724043715846996
2007,MCO,2007-07-30,29.054347826086957
2007,MCO,2007-07-31,29.538251366120218
2007,MCO,2007-08-01,15.342245989304812
2007,MCO,2007-08-02,5.414634146341464
2007,MCO,2007-08-03,8.878706199460916
2007,MCO,2007-08-04,3.510362694300518
2007,MCO,2007-08-05,8.045092838196286
2007,MCO,2007-08-06,11.021505376344086
2007,MCO,2007-08-07,7.784153005464481
2007,MCO,2007-08-08,17.87431693989071
2007,MCO,2007-08-09,34.68392370572207
2007,MCO,2007-08-10,17.50408719346049
2007,MCO,2007-08-11,3.431578947368421
2007,MCO,2007-08-12,-0.304
2007,MCO,2007-08-13,1.972972972972973
2007,MCO,2007-08-14,7.277929155313352
2007,MCO,2007-08-15,5.747252747252747
2007,MCO,2007-08-16,16.169398907103826
2007,MCO,2007-08-17,20.214484679665738
2007,MCO,2007-08-18,9.007936507936508
2007,MCO,2007-08-19,5.7077747989276135
2007,MCO,2007-08-20,12.584239130434783
2007,MCO,2007-08-21,9.49421965317919
2007,MCO,2007-08-22,4.988505747126437
2007,MCO,2007-08-23,8.059659090909092
2007,MCO,2007-08-24,29.537815126050422
2007,MCO,2007-08-25,16.613259668508288
2007,MCO,2007-08-26,11.718232044198896
2007,MCO,2007-08-27,-0.5988857938718662
2007,MCO,2007-08-28,-2.037142857142857
2007,MCO,2007-08-29,2.472622478386167
2007,MCO,2007-08-30,3.9971830985915493
2007,MCO,2007-08-31,12.191780821917808
2007,MCO,2007-09-01,6.019830028328612
2007,MCO,2007-09-02,-5.136222910216718
2007,MCO,2007-09-03,-2.4812680115273773
2007,MCO,2007-09-04,0.042492917847025496
2007,MCO,2007-09-05,0.9119496855345912
2007,MCO,2007-09-06,-0.47129909365558914
2007,MCO,2007-09-07,1.9492537313432836
2007,MCO,2007-09-08,-2.871559633027523
2007,MCO,2007-09-09,2.9382352941176473
2007,MCO,2007-09-10,4.268518518518518
2007,MCO,2007-09-11,9.102649006622517
2007,MCO,2007-09-12,4.807570977917981
2007,MCO,2007-09-13,11.666666666666666
2007,MCO,2007-09-14,1.9131736526946108
2007,MCO,2007-09-15,-4.049079754601227
2007,MCO,2007-09-16,1.5074183976261128
2007,MCO,2007-09-17,3.788519637462236
2007,MCO,2007-09-18,0.6324503311258278
2007,MCO,2007-09-19,-2.4019607843137254
2007,MCO,2007-09-20,-1.8875379939209727
2007,MCO,2007-09-21,-0.191044776119403
2007,MCO,2007-09-22,-0.8061538461538461
2007,MCO,2007-09-23,23.720238095238095
2007,MCO,2007-09-24,0.43597560975609756
2007,MCO,2007-09-25,-0.17905405405405406
2007,MCO,2007-09-26,-2.2524271844660193
2007,MCO,2007-09-27,4.680851063829787
2007,MCO,2007-09-28,1.0059701492537314
2007,MCO,2007-09-29,1.7577639751552796
2007,MCO,2007-09-30,0.07580174927113703
2007,MCO,2007-10-01,2.3244837758112094
2007,MCO,2007-10-02,-2.7523510971786833
2007,MCO,2007-10-03,-3.658536585365854
2007,MCO,2007-10-04,0.6455331412103746
2007,MCO,2007-10-05,27.13142857142857
2007,MCO,2007-10-06,2.3583815028901736
2007,MCO,2007-10-07,7.491379310344827
2007,MCO,2007-10-08,1.206896551724138
2007,MCO,2007-10-09,5.660377358490566
2007,MCO,2007-10-10,0.25
2007,MCO,2007-10-11,11.695652173913043
2007,MCO,2007-10-12,0.18571428571428572
2007,MCO,2007-10-13,-3.9104046242774566
2007,MCO,2007-10-14,1.5142857142857142
2007,MCO,2007-10-15,4.221902017291066
2007,MCO,2007-10-16,-6.282131661442007
2007,MCO,2007-10-17,3.288753799392097
2007,MCO,2007-10-18,12.930434782608696
2007,MCO,2007-10-19,18.74
2007,MCO,2007-10-20,-6.817391304347826
2007,MCO,2007-10-21,13.444126074498568
2007,MCO,2007-10-22,4.755747126436781
2007,MCO,2007-10-23,-0.389937106918239
2007,MCO,2007-10-24,11.234939759036145
2007,MCO,2007-10-25,7.402298850574713
2007,MCO,2007-10-26,9.843304843304843
2007,MCO,2007-10-27,4.51304347826087
2007,MCO,2007-10-28,0.3664772727272727
2007,MCO,2007-10-29,0.367816091954023
2007,MCO,2007-10-30,-7.658307210031348
2007,MCO,2007-10-31,-7.4067278287461775
2007,MCO,2007-11-01,-2.175287356321839
2007,MCO,2007-11-02,-3.219718309859155
2007,MCO,2007-11-03,-5.247863247863248
2007,MCO,2007-11-04,-2.6416666666666666
2007,MCO,2007-11-05,-1.6487252124645893
2007,MCO,2007-11-06,0.9219219219219219
2007,MCO,2007-11-07,-0.2962962962962963
2007,MCO,2007-11-08,0.39215686274509803
2007,MCO,2007-11-09,15.72549019607843
2007,MCO,2007-11-10,0.85
2007,MCO,2007-11-11,1.1385041551246537
2007,MCO,2007-11-12,4.67877094972067
2007,MCO,2007-11-13,3.502958579881657
2007,MCO,2007-11-14,11.529069767441861
2007,MCO,2007-11-15,9.32596685082873
2007,MCO,2007-11-16,10.986449864498645
2007,MCO,2007-11-17,0.7756756756756756
2007,MCO,2007-11-18,5.717741935483871
2007,MCO,2007-11-19,13.130555555555556
2007,MCO,2007-11-20,9.59016393442623
2007,MCO,2007-11-21,4.3269754768392374
2007,MCO,2007-11-22,-9.612676056338028
2007,MCO,2007-11-23,-8.042613636363637
2007,MCO,2007-11-24,-2.2783783783783784
2007,MCO,2007-11-25,3.496021220159151
2007,MCO,2007-11-26,23.78611111111111
2007,MCO,2007-11-27,0.7921348314606742
2007,MCO,2007-11-28,-2.6761363636363638
2007,MCO,2007-11-29,-0.4520547945205479
2007,MCO,2007-11-30,5.662011173184357
2007,MCO,2007-12-01,2.490084985835694
2007,MCO,2007-12-02,13.156593406593407
2007,MCO,2007-12-03,3.625698324022346
2007,MCO,2007-12-04,3.871060171919771
2007,MCO,2007-12-05,14.143661971830985
2007,MCO,2007-12-06,1.3157894736842106
2007,MCO,2007-12-07,6.56198347107438
2007,MCO,2007-12-08,-5.991735537190083
2007,MCO,2007-12-09,-0.3989071038251366
2007,MCO,2007-12-10,2.610497237569061
2007,MCO,2007-12-11,0.967741935483871
2007,MCO,2007-12-12,-3.2045454545454546
2007,MCO,2007-12-13,3.7886904761904763
2007,MCO,2007-12-14,5.426630434782608
2007,MCO,2007-12-15,11.16388888888889
2007,MCO,2007-12-16,22.094285714285714
2007,MCO,2007-12-17,6.0272479564032695
2007,MCO,2007-12-18,1.5245901639344261
2007,MCO,2007-12-19,5.08
2007,MCO,2007-12-20,11.047493403693931
2007,MCO,2007-12-21,23.93211488250653
2007,MCO,2007-12-22,23.406332453825858
2007,MCO,2007-12-23,28.48148148148148
2007,MCO,2007-12-24,-3.074404761904762
2007,MCO,2007-12-25,-6.636627906976744
2007,MCO,2007-12-26,10.015625
2007,MCO,2007-12-27,15.311518324607329
2007,MCO,2007-12-28,17.75603217158177
2007,MCO,2007-12-29,1.5423280423280423
2007,MCO,2007-12-30,5.122340425531915
2007,MCO,2007-12-31,4.19774011299435
2007,MIA,2007-01-01,10.44
2007,MIA,2007-01-02,12.417582417582418
2007,MIA,2007-01-03,17.293478260869566
2007,MIA,2007-01-04,22.933701657458563
2007,MIA,2007-01-05,20.155555555555555
2007,MIA,2007-01-06,6.872340425531915
2007,MIA,2007-01-07,6.65945945945946
2007,MIA,2007-01-08,4.2727272727272725
2007,MIA,2007-01-09,8.934782608695652
2007,MIA,2007-01-10,6.973118279569892
2007,MIA,2007-01-11,11.707446808510639
2007,MIA,2007-01-12,15.161290322580646
2007,MIA,2007-01-13,7.3
2007,MIA,2007-01-14,22.737967914438503
2007,MIA,2007-01-15,28.170212765957448
2007,MIA,2007-01-16,8.565934065934066
2007,MIA,2007-01-17,5.64245810055866
2007,MIA,2007-01-18,17.832432432432434
2007,MIA,2007-01-19,10.229946524064172
2007,MIA,2007-01-20,2.515625
2007,MIA,2007-01-21,13.52659574468085
2007,MIA,2007-01-22,10.311827956989248
2007,MIA,2007-01-23,3.4861878453038675
2007,MIA,2007-01-24,-4.751351351351351
2007,MIA,2007-01-25,2.808743169398907
2007,MIA,2007-01-26,5.2727272727272725
2007,MIA,2007-01-27,2.6178010471204187
2007,MIA,2007-01-28,6.746031746031746
2007,MIA,2007-01-29,10.170212765957446
2007,MIA,2007-01-30,0.36065573770491804
2007,MIA,2007-01-31,9.983695652173912
2007,MIA,2007-02-01,11.31413612565445
2007,MIA,2007-02-02,9.242424242424242
2007,MIA,2007-02-03,4.538071065989848
2007,MIA,2007-02-04,18.19371727748691
2007,MIA,2007-02-05,33.758620689655174
2007,MIA,2007-02-06,6.218579234972678
2007,MIA,2007-02-07,3.935483870967742
2007,MIA,2007-02-08,5.308108108108108
2007,MIA,2007-02-09,9.174603174603174
2007,MIA,2007-02-10,0.9790575916230366
2007,MIA,2007-02-11,0.7195767195767195
2007,MIA,2007-02-12,5.8432432432432435
2007,MIA,2007-02-13,10.442424242424243
2007,MIA,2007-02-14,16.396341463414632
2007,MIA,2007-02-15,32.37988826815643
2007,MIA,2007-02-16,30.03684210526316
2007,MIA,2007-02-17,23.623711340206185
2007,MIA,2007-02-18,15.345549738219896
2007,MIA,2007-02-19,9.69109947643979
2007,MIA,2007-02-20,9.29946524064171
2007,MIA,2007-02-21,8.956989247311828
2007,MIA,2007-02-22,17.127659574468087
2007,MIA,2007-02-23,13.664921465968586
2007,MIA,2007-02-24,20.247252747252748
2007,MIA,2007-02-25,23.339181286549707
2007,MIA,2007-02-26,31.206521739130434
2007,MIA,2007-02-27,11.6524064171123
2007,MIA,2007-02-28,12.28191489361702
2007,MIA,2007-03-01,19.95054945054945
2007,MIA,2007-03-02,21.235294117647058
2007,MIA,2007-03-03,13.549738219895287
2007,MIA,2007-03-04,3.2157894736842105
2007,MIA,2007-03-05,9.74074074074074
2007,MIA,2007-03-06,8.588235294117647
2007,MIA,2007-03-07,14.151351351351352
2007,MIA,2007-03-08,3.375661375661376
2007,MIA,2007-03-09,6.382978723404255
2007,MIA,2007-03-10,10.243523316062177
2007,MIA,2007-03-11,7.405263157894737
2007,MIA,2007-03-12,6.661375661375661
2007,MIA,2007-03-13,-0.6577540106951871
2007,MIA,2007-03-14,5.8478260869565215
2007,MIA,2007-03-15,14.206521739130435
2007,MIA,2007-03-16,46.473684210526315
2007,MIA,2007-03-17,29.032258064516128
2007,MIA,2007-03-18,23.45026178010471
2007,MIA,2007-03-19,4.968421052631579
2007,MIA,2007-03-20,-0.3723404255319149
2007,MIA,2007-03-21,3.6737967914438503
2007,MIA,2007-03-22,23.43548387096774
2007,MIA,2007-03-23,14.333333333333334
2007,MIA,2007-03-24,8.926701570680628
2007,MIA,2007-03-25,5.68586387434555
2007,MIA,2007-03-26,4.121052631578947
2007,MIA,2007-03-27,-1.962962962962963
2007,MIA,2007-03-28,4.363636363636363
2007,MIA,2007-03-29,16.865591397849464
2007,MIA,2007-03-30,8.118279569892474
2007,MIA,2007-03-31,18.65979381443299
2007,MIA,2007-04-01,12.890052356020943
2007,MIA,2007-04-02,7.613756613756614
2007,MIA,2007-04-03,9.71195652173913
2007,MIA,2007-04-04,16.174603174603174
2007,MIA,2007-04-05,16.310160427807485
2007,MIA,2007-04-06,4.930851063829787
2007,MIA,2007-04-07,7.482051282051282
2007,MIA,2007-04-08,2.424083769633508
2007,MIA,2007-04-09,1.4734042553191489
2007,MIA,2007-04-10,17.86021505376344
2007,MIA,2007-04-11,13.96236559139785
2007,MIA,2007-04-12,80.92265193370166
2007,MIA,2007-04-13,22.918032786885245
2007,MIA,2007-04-14,13.585492227979275
2007,MIA,2007-04-15,27.497109826589597
2007,MIA,2007-04-16,35.71823204419889
2007,MIA,2007-04-17,19.574585635359117
2007,MIA,2007-04-18,16.225274725274726
2007,MIA,2007-04-19,7.548387096774194
2007,MIA,2007-04-20,11.75268817204301
2007,MIA,2007-04-21,6.75531914893617
2007,MIA,2007-04-22,3.4010695187165774
2007,MIA,2007-04-23,6.290322580645161
2007,MIA,2007-04-24,4.325714285714286
2007,MIA,2007-04-25,9.545454545454545
2007,MIA,2007-04-26,9.077777777777778
2007,MIA,2007-04-27,22.491803278688526
2007,MIA,2007-04-28,3.9402173913043477
2007,MIA,2007-04-29,6.016393442622951
2007,MIA,2007-04-30,4.15934065934066
2007,MIA,2007-05-01,2.005714285714286
2007,MIA,2007-05-02,3.611428571428571
2007,MIA,2007-05-03,9.180790960451978
2007,MIA,2007-05-04,9.222857142857142
2007,MIA,2007-05-05,5.994285714285715
2007,MIA,2007-05-06,39.69613259668508
2007,MIA,2007-05-07,8.261363636363637
2007,MIA,2007-05-08,5.156976744186046
2007,MIA,2007-05-09,15.293103448275861
2007,MIA,2007-05-10,13.468571428571428
2007,MIA,2007-05-11,8.460674157303371
2007,MIA,2007-05-12,5.607954545454546
2007,MIA,2007-05-13,7.977777777777778
2007,MIA,2007-05-14,9.69767441860465
2007,MIA,2007-05-15,10.166666666666666
2007,MIA,2007-05-16,15.351190476190476
2007,MIA,2007-05-17,2.605714285714286
2007,MIA,2007-05-18,12.522727272727273
2007,MIA,2007-05-19,4.269662921348314
2007,MIA,2007-05-20,14.513812154696133
2007,MIA,2007-05-21,3.6647398843930636
2007,MIA,2007-05-22,8.470588235294118
2007,MIA,2007-05-23,5.7298850574712645
2007,MIA,2007-05-24,9.718390804597702
2007,MIA,2007-05-25,5.808139534883721
2007,MIA,2007-05-26,12.435028248587571
2007,MIA,2007-05-27,1.6931818181818181
2007,MIA,2007-05-28,-1.1271676300578035
2007,MIA,2007-05-29,1.7894736842105263
2007,MIA,2007-05-30,9.449101796407186
2007,MIA,2007-05-31,9.345029239766081
2007,MIA,2007-06-01,20.115606936416185
2007,MIA,2007-06-02,17.63529411764706
2007,MIA,2007-06-03,18.559322033898304
2007,MIA,2007-06-04,18.62130177514793
2007,MIA,2007-06-05,14.196428571428571
2007,MIA,2007-06-06,22.27485380116959
2007,MIA,2007-06-07,6.236994219653179
2007,MIA,2007-06-08,45.89506172839506
2007,MIA,2007-06-09,10.272189349112425
2007,MIA,2007-06-10,4.920454545454546
2007,MIA,2007-06-11,21.68235294117647
2007,MIA,2007-06-12,52.191616766467064
2007,MIA,2007-06-13,33.82142857142857
2007,MIA,2007-06-14,34.81325301204819
2007,MIA,2007-06-15,19.404624277456648
2007,MIA,2007-06-16,28.660919540229884
2007,MIA,2007-06-17,65.26285714285714
2007,MIA,2007-06-18,40.603550295857985
2007,MIA,2007-06-19,29.21301775147929
2007,MIA,2007-06-20,15.470588235294118
2007,MIA,2007-06-21,25.035714285714285
2007,MIA,2007-06-22,20.56896551724138
2007,MIA,2007-06-23,8.189655172413794
2007,MIA,2007-06-24,19.65909090909091
2007,MIA,2007-06-25,26.77906976744186
2007,MIA,2007-06-26,27.291666666666668
2007,MIA,2007-06-27,44.58024691358025
2007,MIA,2007-06-28,37.78395061728395
2007,MIA,2007-06-29,33.258823529411764
2007,MIA,2007-06-30,31.84
2007,MIA,2007-07-01,23.70689655172414
2007,MIA,2007-07-02,33.51497005988024
2007,MIA,2007-07-03,44.19875776397515
2007,MIA,2007-07-04,40.53529411764706
2007,MIA,2007-07-05,65.40259740259741
2007,MIA,2007-07-06,16.735294117647058
2007,MIA,2007-07-07,11.238636363636363
2007,MIA,2007-07-08,11.397727272727273
2007,MIA,2007-07-09,15.294117647058824
2007,MIA,2007-07-10,33.67878787878788
2007,MIA,2007-07-11,30.952095808383234
2007,MIA,2007-07-12,15.936046511627907
2007,MIA,2007-07-13,8.793103448275861
2007,MIA,2007-07-14,15.482758620689655
2007,MIA,2007-07-15,20.8
2007,MIA,2007-07-16,21.67630057803468
2007,MIA,2007-07-17,7.633720930232558
2007,MIA,2007-07-18,27.792899408284022
2007,MIA,2007-07-19,37.31976744186046
2007,MIA,2007-07-20,14.505882352941176
2007,MIA,2007-07-21,26.522988505747126
2007,MIA,2007-07-22,18.636363636363637
2007,MIA,2007-07-23,24.35672514619883
2007,MIA,2007-07-24,9.558823529411764
2007,MIA,2007-07-25,7.682080924855492
2007,MIA,2007-07-26,13.058823529411764
2007,MIA,2007-07-27,45.80952380952381
2007,MIA,2007-07-28,26.66860465116279
2007,MIA,2007-07-29,78.06586826347305
2007,MIA,2007-07-30,40.62893081761006
2007,MIA,2007-07-31,20.385964912280702
2007,MIA,2007-08-01,29.063953488372093
2007,MIA,2007-08-02,14.877906976744185
2007,MIA,2007-08-03,14.377906976744185
2007,MIA,2007-08-04,12.645348837209303
2007,MIA,2007-08-05,11.03954802259887
2007,MIA,2007-08-06,31.0
2007,MIA,2007-08-07,15.029940119760479
2007,MIA,2007-08-08,15.410714285714286
2007,MIA,2007-08-09,20.736526946107784
2007,MIA,2007-08-10,26.380116959064328
2007,MIA,2007-08-11,5.618497109826589
2007,MIA,2007-08-12,13.948863636363637
2007,MIA,2007-08-13,11.144508670520231
2007,MIA,2007-08-14,16.748538011695906
2007,MIA,2007-08-15,14.38953488372093
2007,MIA,2007-08-16,23.904191616766468
2007,MIA,2007-08-17,25.853658536585368
2007,MIA,2007-08-18,11.970760233918128
2007,MIA,2007-08-19,11.393063583815028
2007,MIA,2007-08-20,18.233532934131738
2007,MIA,2007-08-21,16.550898203592816
2007,MIA,2007-08-22,15.47305389221557
2007,MIA,2007-08-23,17.454545454545453
2007,MIA,2007-08-24,26.323529411764707
2007,MIA,2007-08-25,17.886904761904763
2007,MIA,2007-08-26,6.335260115606936
2007,MIA,2007-08-27,2.216374269005848
2007,MIA,2007-08-28,7.733333333333333
2007,MIA,2007-08-29,18.39622641509434
2007,MIA,2007-08-30,19.441176470588236
2007,MIA,2007-08-31,16.347058823529412
2007,MIA,2007-09-01,6.313609467455621
2007,MIA,2007-09-02,6.114457831325301
2007,MIA,2007-09-03,15.301775147928995
2007,MIA,2007-09-04,16.305882352941175
2007,MIA,2007-09-05,9.462025316455696
2007,MIA,2007-09-06,4.628048780487805
2007,MIA,2007-09-07,2.0484848484848484
2007,MIA,2007-09-08,-1.2121212121212122
2007,MIA,2007-09-09,4.245508982035928
2007,MIA,2007-09-10,13.229813664596273
2007,MIA,2007-09-11,11.80891719745223
2007,MIA,2007-09-12,2.892405063291139
2007,MIA,2007-09-13,5.739130434782608
2007,MIA,2007-09-14,15.581818181818182
2007,MIA,2007-09-15,10.032051282051283
2007,MIA,2007-09-16,2.688622754491018
2007,MIA,2007-09-17,9.196319018404909
2007,MIA,2007-09-18,6.058064516129032
2007,MIA,2007-09-19,2.532051282051282
2007,MIA,2007-09-20,-0.9757575757575757
2007,MIA,2007-09-21,14.404907975460123
2007,MIA,2007-09-22,6.532934131736527
2007,MIA,2007-09-23,17.54491017964072
2007,MIA,2007-09-24,3.7621951219512195
2007,MIA,2007-09-25,6.0130718954248366
2007,MIA,2007-09-26,6.012658227848101
2007,MIA,2007-09-27,7.280487804878049
2007,MIA,2007-09-28,4.109090909090909
2007,MIA,2007-09-29,-0.7784431137724551
2007,MIA,2007-09-30,11.597633136094675
2007,MIA,2007-10-01,6.71875
2007,MIA,2007-10-02,-2.4551282051282053
2007,MIA,2007-10-03,2.83125
2007,MIA,2007-10-04,2.852760736196319
2007,MIA,2007-10-05,11.408536585365853
2007,MIA,2007-10-06,9.290909090909091
2007,MIA,2007-10-07,7.836363636363636
2007,MIA,2007-10-08,4.1656441717791415
2007,MIA,2007-10-09,23.51572327044025
2007,MIA,2007-10-10,7.180124223602484
2007,MIA,2007-10-11,22.93167701863354
2007,MIA,2007-10-12,8.133333333333333
2007,MIA,2007-10-13,10.688622754491018
2007,MIA,2007-10-14,9.845238095238095
2007,MIA,2007-10-15,20.366459627329192
2007,MIA,2007-10-16,8.125
2007,MIA,2007-10-17,21.608695652173914
2007,MIA,2007-10-18,11.850931677018634
2007,MIA,2007-10-19,24.41509433962264
2007,MIA,2007-10-20,2.084848484848485
2007,MIA,2007-10-21,12.988023952095809
2007,MIA,2007-10-22,9.804878048780488
2007,MIA,2007-10-23,10.0062893081761
2007,MIA,2007-10-24,13.006211180124224
2007,MIA,2007-10-25,11.676829268292684
2007,MIA,2007-10-26,14.36196319018405
2007,MIA,2007-10-27,1.9096385542168675
2007,MIA,2007-10-28,5.1437125748503
2007,MIA,2007-10-29,1.6748466257668713
2007,MIA,2007-10-30,0.879746835443038
2007,MIA,2007-10-31,5.630573248407643
2007,MIA,2007-11-01,12.298780487804878
2007,MIA,2007-11-02,9.254545454545454
2007,MIA,2007-11-03,5.118343195266272
2007,MIA,2007-11-04,3.488235294117647
2007,MIA,2007-11-05,7.059880239520958
2007,MIA,2007-11-06,11.163636363636364
2007,MIA,2007-11-07,9.089285714285714
2007,MIA,2007-11-08,7.804733727810651
2007,MIA,2007-11-09,19.352941176470587
2007,MIA,2007-11-10,5.620689655172414
2007,MIA,2007-11-11,7.005780346820809
2007,MIA,2007-11-12,6.437869822485207
2007,MIA,2007-11-13,5.204819277108434
2007,MIA,2007-11-14,19.79640718562874
2007,MIA,2007-11-15,20.994152046783626
2007,MIA,2007-11-16,17.890173410404625
2007,MIA,2007-11-17,2.596590909090909
2007,MIA,2007-11-18,10.404624277456648
2007,MIA,2007-11-19,17.216867469879517
2007,MIA,2007-11-20,16.4093567251462
2007,MIA,2007-11-21,12.368421052631579
2007,MIA,2007-11-22,1.7006369426751593
2007,MIA,2007-11-23,0.18292682926829268
2007,MIA,2007-11-24,4.8474576271186445
2007,MIA,2007-11-25,13.17816091954023
2007,MIA,2007-11-26,26.88095238095238
2007,MIA,2007-11-27,12.388235294117647
2007,MIA,2007-11-28,7.676646706586826
2007,MIA,2007-11-29,4.7976190476190474
2007,MIA,2007-11-30,10.435294117647059
2007,MIA,2007-12-01,10.809248554913294
2007,MIA,2007-12-02,21.47953216374269
2007,MIA,2007-12-03,16.416666666666668
2007,MIA,2007-12-04,19.066265060240966
2007,MIA,2007-12-05,18.246987951807228
2007,MIA,2007-12-06,11.087719298245615
2007,MIA,2007-12-07,21.100591715976332
2007,MIA,2007-12-08,9.88
2007,MIA,2007-12-09,15.304597701149426
2007,MIA,2007-12-10,17.929411764705883
2007,MIA,2007-12-11,15.20625
2007,MIA,2007-12-12,6.7875
2007,MIA,2007-12-13,14.349693251533742
2007,MIA,2007-12-14,39.58620689655172
2007,MIA,2007-12-15,45.78857142857143
2007,MIA,2007-12-16,39.02958579881657
2007,MIA,2007-12-17,26.79310344827586
2007,MIA,2007-12-18,15.706896551724139
2007,MIA,2007-12-19,17.184971098265898
2007,MIA,2007-12-20,20.497206703910614
2007,MIA,2007-12-21,26.64804469273743
2007,MIA,2007-12-22,24.462365591397848
2007,MIA,2007-12-23,34.05555555555556
2007,MIA,2007-12-24,-1.1927710843373494
2007,MIA,2007-12-25,3.911764705882353
2007,MIA,2007-12-26,15.78888888888889
2007,MIA,2007-12-27,18.39779005524862
2007,MIA,2007-12-28,18.27840909090909
2007,MIA,2007-12-29,4.681081081081081
2007,MIA,2007-12-30,10.331491712707182
2007,MIA,2007-12-31,0.5235294117647059
2008,MCO,2008-01-01,11.334239130434783
2008,MCO,2008-01-02,24.7434554973822
2008,MCO,2008-01-03,16.023746701846967
2008,MCO,2008-01-04,6.341145833333333
2008,MCO,2008-01-05,9.264550264550264
2008,MCO,2008-01-06,8.146981627296588
2008,MCO,2008-01-07,1.8664850136239781
2008,MCO,2008-01-08,-1.4491017964071857
2008,MCO,2008-01-09,-3.984894259818731
2008,MCO,2008-01-10,-1.5236768802228413
2008,MCO,2008-01-11,8.28133704735376
2008,MCO,2008-01-12,-8.067226890756302
2008,MCO,2008-01-13,23.656424581005588
2008,MCO,2008-01-14,-3.1117478510028653
2008,MCO,2008-01-15,-4.108433734939759
2008,MCO,2008-01-16,-4.684365781710914
2008,MCO,2008-01-17,7.273239436619718
2008,MCO,2008-01-18,8.545961002785516
2008,MCO,2008-01-19,16.42772861356932
2008,MCO,2008-01-20,-0.6253443526170799
2008,MCO,2008-01-21,3.565826330532213
2008,MCO,2008-01-22,11.471299093655588
2008,MCO,2008-01-23,4.366863905325443
2008,MCO,2008-01-24,0.5181058495821727
2008,MCO,2008-01-25,8.15
2008,MCO,2008-01-26,6.8
2008,MCO,2008-01-27,12.803324099722992
2008,MCO,2008-01-28,8.161931818181818
2008,MCO,2008-01-29,2.7643504531722054
2008,MCO,2008-01-30,-1.9481707317073171
2008,MCO,2008-01-31,5.811267605633803
2008,MCO,2008-02-01,24.714285714285715
2008,MCO,2008-02-02,-5.116959064327485
2008,MCO,2008-02-03,-1.452513966480447
2008,MCO,2008-02-04,5.2105263157894735
2008,MCO,2008-02-05,6.8545454545454545
2008,MCO,2008-02-06,5.118012422360248
2008,MCO,2008-02-07,0.5586592178770949
2008,MCO,2008-02-08,-0.96398891966759
2008,MCO,2008-02-09,-3.6735294117647057
2008,MCO,2008-02-10,11.813370473537605
2008,MCO,2008-02-11,8.059490084985836
2008,MCO,2008-02-12,22.987460815047022
2008,MCO,2008-02-13,29.28614457831325
2008,MCO,2008-02-14,9.270833333333334
2008,MCO,2008-02-15,6.048969072164948
2008,MCO,2008-02-16,2.713157894736842
2008,MCO,2008-02-17,14.05497382198953
2008,MCO,2008-02-18,27.805774278215225
2008,MCO,2008-02-19,5.41578947368421
2008,MCO,2008-02-20,8.093994778067884
2008,MCO,2008-02-21,9.056
2008,MCO,2008-02-22,28.6
2008,MCO,2008-02-23,32.42063492063492
2008,MCO,2008-02-24,3.8575129533678756
2008,MCO,2008-02-25,9.2265625
2008,MCO,2008-02-26,60.85175202156334
2008,MCO,2008-02-27,8.33157894736842
2008,MCO,2008-02-28,6.278215223097113
2008,MCO,2008-02-29,6.174479166666667
2008,MCO,2008-03-01,4.769230769230769
2008,MCO,2008-03-02,0.5662337662337662
2008,MCO,2008-03-03,1.9947643979057592
2008,MCO,2008-03-04,13.861788617886178
2008,MCO,2008-03-05,7.139107611548557
2008,MCO,2008-03-06,6.112565445026178
2008,MCO,2008-03-07,43.376
2008,MCO,2008-03-08,53.68146214099217
2008,MCO,2008-03-09,17.493506493506494
2008,MCO,2008-03-10,5.7357512953367875
2008,MCO,2008-03-11,-1.4435695538057742
2008,MCO,2008-03-12,5.275862068965517
2008,MCO,2008-03-13,1.4651162790697674
2008,MCO,2008-03-14,8.105128205128205
2008,MCO,2008-03-15,22.88433734939759
2008,MCO,2008-03-16,7.935567010309279
2008,MCO,2008-03-17,4.737113402061856
2008,MCO,2008-03-18,11.973190348525469
2008,MCO,2008-03-19,20.4177545691906
2008,MCO,2008-03-20,15.131105398457583
2008,MCO,2008-03-21,10.514285714285714
2008,MCO,2008-03-22,-0.6619047619047619
2008,MCO,2008-03-23,-0.39285714285714285
2008,MCO,2008-03-24,2.1102564102564103
2008,MCO,2008-03-25,3.9194805194805196
2008,MCO,2008-03-26,4.597368421052631
2008,MCO,2008-03-27,5.676092544987147
2008,MCO,2008-03-28,7.012787723785166
2008,MCO,2008-03-29,4.802850356294536
2008,MCO,2008-03-30,15.581632653061224
2008,MCO,2008-03-31,21.236363636363638
2008,MCO,2008-04-01,26.526455026455025
2008,MCO,2008-04-02,6.407407407407407
2008,MCO,2008-04-03,8.127272727272727
2008,MCO,2008-04-04,18.532299741602067
2008,MCO,2008-04-05,33.79611650485437
2008,MCO,2008-04-06,43.45994832041344
2008,MCO,2008-04-07,2.9553805774278215
2008,MCO,2008-04-08,1.6813186813186813
2008,MCO,2008-04-09,5.527322404371585
2008,MCO,2008-04-10,14.761394101876675
2008,MCO,2008-04-11,8.066137566137566
2008,MCO,2008-04-12,1.7209876543209877
2008,MCO,2008-04-13,0.5012987012987012
2008,MCO,2008-04-14,-1.7606382978723405
2008,MCO,2008-04-15,1.6504065040650406
2008,MCO,2008-04-16,2.0454545454545454
2008,MCO,2008-04-17,-2.074074074074074
2008,MCO,2008-04-18,-3.6109660574412534
2008,MCO,2008-04-19,1.2468827930174564
2008,MCO,2008-04-20,14.811023622047244
2008,MCO,2008-04-21,2.151595744680851
2008,MCO,2008-04-22,1.8837837837837839
2008,MCO,2008-04-23,1.8111702127659575
2008,MCO,2008-04-24,0.2782152230971129
2008,MCO,2008-04-25,8.360526315789473
2008,MCO,2008-04-26,0.13267813267813267
2008,MCO,2008-04-27,-3.3858267716535435
2008,MCO,2008-04-28,18.475935828877006
2008,MCO,2008-04-29,2.0188172043010755
2008,MCO,2008-04-30,-0.18882978723404256
2008,MIA,2008-01-01,12.514285714285714
2008,MIA,2008-01-02,21.463276836158194
2008,MIA,2008-01-03,20.230337078651687
2008,MIA,2008-01-04,21.294444444444444
2008,MIA,2008-01-05,25.98936170212766
2008,MIA,2008-01-06,29.804469273743017
2008,MIA,2008-01-07,22.247191011235955
2008,MIA,2008-01-08,17.198830409356724
2008,MIA,2008-01-09,9.07514450867052
2008,MIA,2008-01-10,9.214689265536723
2008,MIA,2008-01-11,17.824858757062145
2008,MIA,2008-01-12,-2.5945945945945947
2008,MIA,2008-01-13,4.923497267759563
2008,MIA,2008-01-14,11.61046511627907
2008,MIA,2008-01-15,4.594117647058823
2008,MIA,2008-01-16,4.976190476190476
2008,MIA,2008-01-17,16.392045454545453
2008,MIA,2008-01-18,12.401129943502825
2008,MIA,2008-01-19,16.803370786516854
2008,MIA,2008-01-20,4.059459459459459
2008,MIA,2008-01-21,6.943820224719101
2008,MIA,2008-01-22,26.377245508982035
2008,MIA,2008-01-23,9.309941520467836
2008,MIA,2008-01-24,20.597701149425287
2008,MIA,2008-01-25,24.4438202247191
2008,MIA,2008-01-26,14.928571428571429
2008,MIA,2008-01-27,20.935135135135134
2008,MIA,2008-01-28,16.84
2008,MIA,2008-01-29,16.368098159509202
2008,MIA,2008-01-30,12.46987951807229
2008,MIA,2008-01-31,17.99418604651163
2008,MIA,2008-02-01,29.29310344827586
2008,MIA,2008-02-02,11.808743169398907
2008,MIA,2008-02-03,11.451086956521738
2008,MIA,2008-02-04,9.903409090909092
2008,MIA,2008-02-05,10.9625
2008,MIA,2008-02-06,6.887573964497041
2008,MIA,2008-02-07,2.090909090909091
2008,MIA,2008-02-08,21.645714285714284
2008,MIA,2008-02-09,19.65573770491803
2008,MIA,2008-02-10,18.75
2008,MIA,2008-02-11,18.488636363636363
2008,MIA,2008-02-12,25.515337423312882
2008,MIA,2008-02-13,48.45783132530121
2008,MIA,2008-02-14,21.475409836065573
2008,MIA,2008-02-15,16.248648648648647
2008,MIA,2008-02-16,14.880208333333334
2008,MIA,2008-02-17,16.51366120218579
2008,MIA,2008-02-18,28.76923076923077
2008,MIA,2008-02-19,6.562841530054645
2008,MIA,2008-02-20,9.164835164835164
2008,MIA,2008-02-21,14.683333333333334
2008,MIA,2008-02-22,21.650602409638555
2008,MIA,2008-02-23,11.340314136125654
2008,MIA,2008-02-24,6.9787234042553195
2008,MIA,2008-02-25,5.7771739130434785
2008,MIA,2008-02-26,29.072222222222223
2008,MIA,2008-02-27,6.8076923076923075
2008,MIA,2008-02-28,7.456521739130435
2008,MIA,2008-02-29,8.626373626373626
2008,MIA,2008-03-01,8.321052631578947
2008,MIA,2008-03-02,6.171122994652406
2008,MIA,2008-03-03,6.955801104972376
2008,MIA,2008-03-04,13.577142857142857
2008,MIA,2008-03-05,28.2816091954023
2008,MIA,2008-03-06,20.12849162011173
2008,MIA,2008-03-07,36.39887640449438
2008,MIA,2008-03-08,35.976331360946745
2008,MIA,2008-03-09,18.756756756756758
2008,MIA,2008-03-10,5.752747252747253
2008,MIA,2008-03-11,1.670391061452514
2008,MIA,2008-03-12,2.9835164835164836
2008,MIA,2008-03-13,6.415300546448087
2008,MIA,2008-03-14,18.866666666666667
2008,MIA,2008-03-15,29.445026178010473
2008,MIA,2008-03-16,13.574468085106384
2008,MIA,2008-03-17,10.054347826086957
2008,MIA,2008-03-18,20.68421052631579
2008,MIA,2008-03-19,34.144444444444446
2008,MIA,2008-03-20,21.13186813186813
2008,MIA,2008-03-21,23.059782608695652
2008,MIA,2008-03-22,14.423280423280424
2008,MIA,2008-03-23,33.967914438502675
2008,MIA,2008-03-24,6.038251366120218
2008,MIA,2008-03-25,11.27683615819209
2008,MIA,2008-03-26,7.4222222222222225
2008,MIA,2008-03-27,15.461538461538462
2008,MIA,2008-03-28,20.579234972677597
2008,MIA,2008-03-29,7.865284974093265
2008,MIA,2008-03-30,20.17297297297297
2008,MIA,2008-03-31,26.11731843575419
2008,MIA,2008-04-01,24.448863636363637
2008,MIA,2008-04-02,8.05084745762712
2008,MIA,2008-04-03,13.4
2008,MIA,2008-04-04,28.066666666666666
2008,MIA,2008-04-05,16.86021505376344
2008,MIA,2008-04-06,31.46448087431694
2008,MIA,2008-04-07,18.36723163841808
2008,MIA,2008-04-08,9.436781609195402
2008,MIA,2008-04-09,17.906976744186046
2008,MIA,2008-04-10,23.86705202312139
2008,MIA,2008-04-11,20.40340909090909
2008,MIA,2008-04-12,15.464088397790055
2008,MIA,2008-04-13,6.016483516483516
2008,MIA,2008-04-14,2.0113636363636362
2008,MIA,2008-04-15,9.69186046511628
2008,MIA,2008-04-16,11.54335260115607
2008,MIA,2008-04-17,3.8275862068965516
2008,MIA,2008-04-18,6.885714285714286
2008,MIA,2008-04-19,6.893854748603352
2008,MIA,2008-04-20,21.17222222222222
2008,MIA,2008-04-21,9.341040462427745
2008,MIA,2008-04-22,9.660818713450292
2008,MIA,2008-04-23,4.456647398843931
2008,MIA,2008-04-24,13.72
2008,MIA,2008-04-25,20.03448275862069
2008,MIA,2008-04-26,12.331460674157304
2008,MIA,2008-04-27,13.640449438202246
2008,MIA,2008-04-28,31.17816091954023
2008,MIA,2008-04-29,5.72
2008,MIA,2008-04-30,4.333333333333333
